[compact] 数据库 C:\Users\Li\Downloads\GitHub\easy-ops\easy-ops\backend\server\data\ops.mv.db (0MB) 小于阈值 256MB，跳过压缩

  .   ____          _            __ _ _
 /\\ / ___'_ __ _ _(_)_ __  __ _ \ \ \ \
( ( )\___ | '_ | '_| | '_ \/ _` | \ \ \ \
 \\/  ___)| |_)| | | | | || (_| |  ) ) ) )
  '  |____| .__|_| |_|_| |_\__, | / / / /
 =========|_|==============|___/=/_/_/_/
 :: Spring Boot ::               (v2.7.18)

2026-08-28 15:04:14 [background-preinit] INFO  o.h.validator.internal.util.Version - HV000001: Hibernate Validator 6.2.5.Final
2026-08-28 15:04:14 [main] INFO  com.ops.server.ServerApplication - Starting ServerApplication using Java 1.8.0_202 on DESKTOP-6HG71H8 with PID 38112 (C:\Users\Li\Downloads\GitHub\easy-ops\easy-ops\backend\server\target\ops-platform-server-1.0.0-SNAPSHOT.jar started by Li in C:\Users\Li\Downloads\GitHub\easy-ops\easy-ops\backend\server)
2026-08-28 15:04:14 [main] DEBUG com.ops.server.ServerApplication - Running with Spring Boot v2.7.18, Spring v5.3.31
2026-08-28 15:04:14 [main] INFO  com.ops.server.ServerApplication - The following 1 profile is active: "dev"
2026-08-28 15:04:16 [main] INFO  o.s.b.w.e.tomcat.TomcatWebServer - Tomcat initialized with port(s): 9091 (http)
2026-08-28 15:04:16 [main] INFO  o.a.coyote.http11.Http11NioProtocol - Initializing ProtocolHandler ["http-nio-9091"]
2026-08-28 15:04:16 [main] INFO  o.a.catalina.core.StandardService - Starting service [Tomcat]
2026-08-28 15:04:16 [main] INFO  o.a.catalina.core.StandardEngine - Starting Servlet engine: [Apache Tomcat/9.0.83]
2026-08-28 15:04:16 [main] INFO  o.a.c.c.C.[.[localhost].[/api] - Initializing Spring embedded WebApplicationContext
2026-08-28 15:04:16 [main] INFO  o.s.b.w.s.c.ServletWebServerApplicationContext - Root WebApplicationContext: initialization completed in 2010 ms
2026-08-28 15:04:17 [main] INFO  com.zaxxer.hikari.HikariDataSource - HikariPool-1 - Starting...
2026-08-28 15:04:21 [main] INFO  com.zaxxer.hikari.HikariDataSource - HikariPool-1 - Start completed.
2026-08-28 15:04:21 [main] INFO  o.s.b.web.servlet.RegistrationBean - Filter csrfFilter was not registered (possibly already registered?)
2026-08-28 15:04:21 [main] INFO  o.s.b.web.servlet.RegistrationBean - Filter externalApiGuardFilter was not registered (possibly already registered?)
2026-08-28 15:04:21 [main] INFO  o.s.b.web.servlet.RegistrationBean - Filter keyAuditFilter was not registered (possibly already registered?)
2026-08-28 15:04:21 [main] INFO  o.s.b.web.servlet.RegistrationBean - Filter xssFilter was not registered (possibly already registered?)
2026-08-28 15:04:21 [main] DEBUG c.ops.server.config.GlobalCorsFilter - Filter 'globalCorsFilter' configured for use
2026-08-28 15:04:22 [main] INFO  c.o.server.scheduler.DistributedLock - 分布式锁初始化 instanceId=e6093a64
2026-08-28 15:04:22 [main] INFO  c.o.s.scheduler.DataCleanupScheduler - 定时清理初始化 保留3天 表数=21
2026-08-28 15:04:22 [main] DEBUG o.s.w.s.s.s.WebSocketHandlerMapping - Patterns [/ws/console, /ws/deploy, /ws/monitor, /ws/notification, /ws/kb-collab, /ws/kb-collab/**] in 'webSocketHandlerMapping'
2026-08-28 15:04:23 [main] INFO  org.quartz.impl.StdSchedulerFactory - Using default implementation for ThreadExecutor
2026-08-28 15:04:23 [main] INFO  o.quartz.core.SchedulerSignalerImpl - Initialized Scheduler Signaller of type: class org.quartz.core.SchedulerSignalerImpl
2026-08-28 15:04:23 [main] INFO  org.quartz.core.QuartzScheduler - Quartz Scheduler v.2.3.2 created.
2026-08-28 15:04:23 [main] INFO  org.quartz.simpl.RAMJobStore - RAMJobStore initialized.
2026-08-28 15:04:23 [main] INFO  org.quartz.core.QuartzScheduler - Scheduler meta-data: Quartz Scheduler (v2.3.2) 'quartzScheduler' with instanceId 'NON_CLUSTERED'
  Scheduler class: 'org.quartz.core.QuartzScheduler' - running locally.
  NOT STARTED.
  Currently in standby mode.
  Number of jobs executed: 0
  Using thread pool 'org.quartz.simpl.SimpleThreadPool' - with 10 threads.
  Using job-store 'org.quartz.simpl.RAMJobStore' - which does not support persistence. and is not clustered.

2026-08-28 15:04:23 [main] INFO  org.quartz.impl.StdSchedulerFactory - Quartz scheduler 'quartzScheduler' initialized from an externally provided properties instance.
2026-08-28 15:04:23 [main] INFO  org.quartz.impl.StdSchedulerFactory - Quartz scheduler version: 2.3.2
2026-08-28 15:04:23 [main] INFO  org.quartz.core.QuartzScheduler - JobFactory set to: org.springframework.scheduling.quartz.SpringBeanJobFactory@70efb718
2026-08-28 15:04:23 [main] INFO  o.a.coyote.http11.Http11NioProtocol - Starting ProtocolHandler ["http-nio-9091"]
2026-08-28 15:04:23 [main] INFO  o.s.b.w.e.tomcat.TomcatWebServer - Tomcat started on port(s): 9091 (http) with context path '/api'
2026-08-28 15:04:23 [main] INFO  o.s.s.quartz.SchedulerFactoryBean - Starting Quartz Scheduler now
2026-08-28 15:04:23 [main] INFO  org.quartz.core.QuartzScheduler - Scheduler quartzScheduler_$_NON_CLUSTERED started.
2026-08-28 15:04:23 [main] INFO  o.s.s.a.ScheduledAnnotationBeanPostProcessor - No TaskScheduler/ScheduledExecutorService bean found for scheduled processing
2026-08-28 15:04:23 [main] INFO  com.ops.server.ServerApplication - Started ServerApplication in 9.4 seconds (JVM running for 10.043)
2026-08-28 15:04:23 [main] INFO  c.o.s.config.ServerStartupPathLogger - ========== EasyOps Server 启动路径 ==========
2026-08-28 15:04:23 [main] INFO  c.o.s.config.ServerStartupPathLogger - 监听端口: 9091
2026-08-28 15:04:23 [main] INFO  c.o.s.config.ServerStartupPathLogger - 数据根目录 server.path: C:\Users\Li\Downloads\GitHub\easy-ops\easy-ops\backend\server\data
2026-08-28 15:04:23 [main] INFO  c.o.s.config.ServerStartupPathLogger - H2 数据源: jdbc:h2:file:C:\Users\Li\Downloads\GitHub\easy-ops\easy-ops\backend\server\data\ops;MODE=MySQL;AUTO_SERVER=TRUE
2026-08-28 15:04:23 [main] INFO  c.o.s.config.ServerStartupPathLogger - 版本包目录: C:\Users\Li\Downloads\GitHub\easy-ops\easy-ops\backend\server\data\versions
2026-08-28 15:04:23 [main] INFO  c.o.s.config.ServerStartupPathLogger - 日志目录: C:\Users\Li\Downloads\GitHub\easy-ops\easy-ops\backend\server\data\logs
2026-08-28 15:04:23 [main] INFO  c.o.s.config.ServerStartupPathLogger - Agent 数据根目录 ops.global.agent-data-path: C:\Users\Li\Downloads\GitHub\easy-ops\easy-ops\backend\server\data
2026-08-28 15:04:23 [main] INFO  c.o.s.config.ServerStartupPathLogger - 应用部署根目录 ops.global.deploy-base-dir: C:\app\data\apps
2026-08-28 15:04:23 [main] INFO  c.o.s.config.ServerStartupPathLogger - 工作目录 user.dir: C:\Users\Li\Downloads\GitHub\easy-ops\easy-ops\backend\server
2026-08-28 15:04:23 [main] INFO  c.o.s.config.ServerStartupPathLogger - =============================================
[SecurityConfig] JWT secret loaded from environment. Expire: 86400000ms
2026-08-28 15:04:23 [pool-8-thread-1] INFO  c.o.s.m.s.MonitorCollectorScheduler - 监控采集已启动 taskId=51bb1df1d37b4d8c
2026-08-28 15:04:23 [main] INFO  c.ops.server.config.DataInitializer - [DataInit] 已同步管理员密码（来源：app.admin.default-password）
2026-08-28 15:04:23 [main] INFO  c.o.s.t.config.NginxTrafficBootstrap - Nginx流量监控就绪: 日志源=0 分钟统计行数=0 历史保留2天(超期由定时任务删除)
2026-08-28 15:04:33 [pool-8-thread-1] INFO  c.o.s.scheduler.HeartbeatChecker - 节点离线 名称=agent-3 IP=127.0.0.1
2026-08-28 15:04:33 [pool-8-thread-1] INFO  c.o.s.scheduler.HeartbeatChecker - 节点离线 名称=agent-2 IP=127.0.0.1
2026-08-28 15:04:33 [pool-8-thread-1] INFO  c.o.s.scheduler.HeartbeatChecker - 节点离线 名称=agent-1 IP=127.0.0.1
2026-08-28 15:04:36 [http-nio-9091-exec-1] INFO  o.a.c.c.C.[.[localhost].[/api] - Initializing Spring DispatcherServlet 'dispatcherServlet'
2026-08-28 15:04:36 [http-nio-9091-exec-1] INFO  o.s.web.servlet.DispatcherServlet - Initializing Servlet 'dispatcherServlet'
2026-08-28 15:04:36 [http-nio-9091-exec-1] INFO  o.s.web.servlet.DispatcherServlet - Completed initialization in 1 ms
2026-08-28 15:05:01 [http-nio-9091-exec-4] INFO  c.o.server.controller.NodeController - [Heartbeat] 节点=3 diskInfoJson=[{"mountPoint":"/","totalGB":1007,"usedGB":10,"fre
2026-08-28 15:05:01 [http-nio-9091-exec-4] INFO  c.o.server.controller.NodeController - [Heartbeat] updateDiskInfo成功 节点=3
2026-08-28 15:05:01 [http-nio-9091-exec-4] DEBUG c.o.server.controller.NodeController - 监控快照 节点=3 项目=1 进程=RUNNING 健康=UP PID=90 主机CPU=1.2% 进程CPU=0.0% 主机内存=27% 进程内存=4MB 堆=null/nullMB 磁盘=1% 详情=Agent主动上报
2026-08-28 15:05:02 [http-nio-9091-exec-5] INFO  c.o.server.controller.NodeController - [Heartbeat] 节点=2 diskInfoJson=[{"mountPoint":"/","totalGB":1007,"usedGB":10,"fre
2026-08-28 15:05:02 [http-nio-9091-exec-5] INFO  c.o.server.controller.NodeController - [Heartbeat] updateDiskInfo成功 节点=2
2026-08-28 15:05:02 [http-nio-9091-exec-6] INFO  c.o.server.controller.NodeController - [Heartbeat] 节点=1 diskInfoJson=[{"mountPoint":"/","totalGB":1007,"usedGB":10,"fre
2026-08-28 15:05:02 [http-nio-9091-exec-6] INFO  c.o.server.controller.NodeController - [Heartbeat] updateDiskInfo成功 节点=1
2026-08-28 15:05:23 [pool-8-thread-1] INFO  c.o.s.m.s.MonitorCollectorScheduler - 监控采集已启动 taskId=dd5813b04b2d4219
2026-08-28 15:06:01 [http-nio-9091-exec-2] INFO  c.o.server.controller.NodeController - [Heartbeat] 节点=3 diskInfoJson=[{"mountPoint":"/","totalGB":1007,"usedGB":10,"fre
2026-08-28 15:06:01 [http-nio-9091-exec-2] INFO  c.o.server.controller.NodeController - [Heartbeat] updateDiskInfo成功 节点=3
2026-08-28 15:06:01 [http-nio-9091-exec-2] DEBUG c.o.server.controller.NodeController - 监控快照 节点=3 项目=1 进程=RUNNING 健康=UP PID=90 主机CPU=0.9% 进程CPU=0.0% 主机内存=27% 进程内存=4MB 堆=null/nullMB 磁盘=1% 详情=Agent主动上报
2026-08-28 15:06:02 [http-nio-9091-exec-4] INFO  c.o.server.controller.NodeController - [Heartbeat] 节点=2 diskInfoJson=[{"mountPoint":"/","totalGB":1007,"usedGB":10,"fre
2026-08-28 15:06:02 [http-nio-9091-exec-4] INFO  c.o.server.controller.NodeController - [Heartbeat] updateDiskInfo成功 节点=2
2026-08-28 15:06:02 [http-nio-9091-exec-5] INFO  c.o.server.controller.NodeController - [Heartbeat] 节点=1 diskInfoJson=[{"mountPoint":"/","totalGB":1007,"usedGB":10,"fre
2026-08-28 15:06:02 [http-nio-9091-exec-5] INFO  c.o.server.controller.NodeController - [Heartbeat] updateDiskInfo成功 节点=1
2026-08-28 15:06:23 [pool-8-thread-1] INFO  c.o.s.m.s.MonitorCollectorScheduler - 监控采集已启动 taskId=05205a64695c44e7
2026-08-28 15:07:01 [http-nio-9091-exec-3] INFO  c.o.server.controller.NodeController - [Heartbeat] 节点=3 diskInfoJson=[{"mountPoint":"/","totalGB":1007,"usedGB":10,"fre
2026-08-28 15:07:01 [http-nio-9091-exec-3] INFO  c.o.server.controller.NodeController - [Heartbeat] updateDiskInfo成功 节点=3
2026-08-28 15:07:01 [http-nio-9091-exec-3] DEBUG c.o.server.controller.NodeController - 监控快照 节点=3 项目=1 进程=RUNNING 健康=UP PID=90 主机CPU=0.9% 进程CPU=0.0% 主机内存=27% 进程内存=4MB 堆=null/nullMB 磁盘=1% 详情=Agent主动上报
2026-08-28 15:07:02 [http-nio-9091-exec-2] INFO  c.o.server.controller.NodeController - [Heartbeat] 节点=2 diskInfoJson=[{"mountPoint":"/","totalGB":1007,"usedGB":10,"fre
2026-08-28 15:07:02 [http-nio-9091-exec-2] INFO  c.o.server.controller.NodeController - [Heartbeat] updateDiskInfo成功 节点=2
2026-08-28 15:07:02 [http-nio-9091-exec-4] INFO  c.o.server.controller.NodeController - [Heartbeat] 节点=1 diskInfoJson=[{"mountPoint":"/","totalGB":1007,"usedGB":10,"fre
2026-08-28 15:07:02 [http-nio-9091-exec-4] INFO  c.o.server.controller.NodeController - [Heartbeat] updateDiskInfo成功 节点=1
2026-08-28 15:07:23 [pool-8-thread-1] INFO  c.o.s.m.s.MonitorCollectorScheduler - 监控采集已启动 taskId=2e9bbabdd59c488e
2026-08-28 15:07:50 [http-nio-9091-exec-4] INFO  c.o.s.arthas.ArthasDiagnoseService - Arthas 诊断会话启动成功: sessionId=1065501b1f7b4f71, projectId=1, nodeId=3, pid=96
2026-08-28 15:08:01 [http-nio-9091-exec-6] INFO  c.o.server.controller.NodeController - [Heartbeat] 节点=3 diskInfoJson=[{"mountPoint":"/","totalGB":1007,"usedGB":10,"fre
2026-08-28 15:08:01 [http-nio-9091-exec-6] INFO  c.o.server.controller.NodeController - [Heartbeat] updateDiskInfo成功 节点=3
2026-08-28 15:08:01 [http-nio-9091-exec-6] DEBUG c.o.server.controller.NodeController - 监控快照 节点=3 项目=1 进程=RUNNING 健康=UP PID=90 主机CPU=1.0% 进程CPU=0.0% 主机内存=27% 进程内存=4MB 堆=null/nullMB 磁盘=1% 详情=Agent主动上报
2026-08-28 15:08:02 [http-nio-9091-exec-7] INFO  c.o.server.controller.NodeController - [Heartbeat] 节点=2 diskInfoJson=[{"mountPoint":"/","totalGB":1007,"usedGB":10,"fre
2026-08-28 15:08:02 [http-nio-9091-exec-7] INFO  c.o.server.controller.NodeController - [Heartbeat] updateDiskInfo成功 节点=2
2026-08-28 15:08:02 [http-nio-9091-exec-8] INFO  c.o.server.controller.NodeController - [Heartbeat] 节点=1 diskInfoJson=[{"mountPoint":"/","totalGB":1007,"usedGB":10,"fre
2026-08-28 15:08:02 [http-nio-9091-exec-8] INFO  c.o.server.controller.NodeController - [Heartbeat] updateDiskInfo成功 节点=1
2026-08-28 15:08:23 [pool-8-thread-1] INFO  c.o.s.m.s.MonitorCollectorScheduler - 监控采集已启动 taskId=a0de43fd508f45c4
2026-08-28 15:09:01 [http-nio-9091-exec-5] INFO  c.o.server.controller.NodeController - [Heartbeat] 节点=3 diskInfoJson=[{"mountPoint":"/","totalGB":1007,"usedGB":10,"fre
2026-08-28 15:09:01 [http-nio-9091-exec-5] INFO  c.o.server.controller.NodeController - [Heartbeat] updateDiskInfo成功 节点=3
2026-08-28 15:09:01 [http-nio-9091-exec-5] DEBUG c.o.server.controller.NodeController - 监控快照 节点=3 项目=1 进程=RUNNING 健康=UP PID=90 主机CPU=1.0% 进程CPU=0.0% 主机内存=27% 进程内存=4MB 堆=null/nullMB 磁盘=1% 详情=Agent主动上报
2026-08-28 15:09:02 [http-nio-9091-exec-6] INFO  c.o.server.controller.NodeController - [Heartbeat] 节点=2 diskInfoJson=[{"mountPoint":"/","totalGB":1007,"usedGB":10,"fre
2026-08-28 15:09:02 [http-nio-9091-exec-6] INFO  c.o.server.controller.NodeController - [Heartbeat] updateDiskInfo成功 节点=2
2026-08-28 15:09:02 [http-nio-9091-exec-7] INFO  c.o.server.controller.NodeController - [Heartbeat] 节点=1 diskInfoJson=[{"mountPoint":"/","totalGB":1007,"usedGB":10,"fre
2026-08-28 15:09:02 [http-nio-9091-exec-7] INFO  c.o.server.controller.NodeController - [Heartbeat] updateDiskInfo成功 节点=1
2026-08-28 15:09:23 [pool-8-thread-1] INFO  c.o.s.m.s.MonitorCollectorScheduler - 监控采集已启动 taskId=62aee8a7f15140a0
2026-08-28 15:10:01 [http-nio-9091-exec-4] INFO  c.o.server.controller.NodeController - [Heartbeat] 节点=3 diskInfoJson=[{"mountPoint":"/","totalGB":1007,"usedGB":10,"fre
2026-08-28 15:10:01 [http-nio-9091-exec-4] INFO  c.o.server.controller.NodeController - [Heartbeat] updateDiskInfo成功 节点=3
2026-08-28 15:10:01 [http-nio-9091-exec-4] DEBUG c.o.server.controller.NodeController - 监控快照 节点=3 项目=1 进程=RUNNING 健康=UP PID=90 主机CPU=0.8% 进程CPU=0.0% 主机内存=27% 进程内存=4MB 堆=null/nullMB 磁盘=1% 详情=Agent主动上报
2026-08-28 15:10:02 [http-nio-9091-exec-5] INFO  c.o.server.controller.NodeController - [Heartbeat] 节点=2 diskInfoJson=[{"mountPoint":"/","totalGB":1007,"usedGB":10,"fre
2026-08-28 15:10:02 [http-nio-9091-exec-5] INFO  c.o.server.controller.NodeController - [Heartbeat] updateDiskInfo成功 节点=2
2026-08-28 15:10:02 [http-nio-9091-exec-6] INFO  c.o.server.controller.NodeController - [Heartbeat] 节点=1 diskInfoJson=[{"mountPoint":"/","totalGB":1007,"usedGB":10,"fre
2026-08-28 15:10:02 [http-nio-9091-exec-6] INFO  c.o.server.controller.NodeController - [Heartbeat] updateDiskInfo成功 节点=1
2026-08-28 15:10:23 [pool-8-thread-1] INFO  c.o.s.m.s.MonitorCollectorScheduler - 监控采集已启动 taskId=64b8dd18073949ad
2026-08-28 15:11:01 [http-nio-9091-exec-4] INFO  c.o.server.controller.NodeController - [Heartbeat] 节点=3 diskInfoJson=[{"mountPoint":"/","totalGB":1007,"usedGB":10,"fre
2026-08-28 15:11:01 [http-nio-9091-exec-4] INFO  c.o.server.controller.NodeController - [Heartbeat] updateDiskInfo成功 节点=3
2026-08-28 15:11:01 [http-nio-9091-exec-4] DEBUG c.o.server.controller.NodeController - 监控快照 节点=3 项目=1 进程=RUNNING 健康=UP PID=90 主机CPU=0.8% 进程CPU=0.0% 主机内存=27% 进程内存=4MB 堆=null/nullMB 磁盘=1% 详情=Agent主动上报
2026-08-28 15:11:02 [http-nio-9091-exec-5] INFO  c.o.server.controller.NodeController - [Heartbeat] 节点=2 diskInfoJson=[{"mountPoint":"/","totalGB":1007,"usedGB":10,"fre
2026-08-28 15:11:02 [http-nio-9091-exec-5] INFO  c.o.server.controller.NodeController - [Heartbeat] updateDiskInfo成功 节点=2
2026-08-28 15:11:02 [http-nio-9091-exec-6] INFO  c.o.server.controller.NodeController - [Heartbeat] 节点=1 diskInfoJson=[{"mountPoint":"/","totalGB":1007,"usedGB":10,"fre
2026-08-28 15:11:02 [http-nio-9091-exec-6] INFO  c.o.server.controller.NodeController - [Heartbeat] updateDiskInfo成功 节点=1
2026-08-28 15:11:20 [http-nio-9091-exec-1] DEBUG o.s.w.s.s.s.WebSocketHandlerMapping - Mapped to org.springframework.web.socket.server.support.WebSocketHttpRequestHandler@37091312
2026-08-28 15:11:20 [http-nio-9091-exec-1] DEBUG o.s.w.s.s.s.WebSocketHttpRequestHandler - GET /api/ws/notification
2026-08-28 15:11:20 [http-nio-9091-exec-1] DEBUG c.o.s.i.WebSocketAuthInterceptor - WebSocket authenticated successfully for user: admin
2026-08-28 15:11:20 [http-nio-9091-exec-1] DEBUG o.s.w.s.h.LoggingWebSocketHandlerDecorator - New StandardWebSocketSession[id=d7ae5a6d-7c93-7c2a-fab3-390143958ac1, uri=ws://127.0.0.1:9091/api/ws/notification?token=%2FkAHWeMD%2BmIzJSK2cqy7RSxguXgGkZeoLhwBBu%2FupfQ%3D-1787901080284]
2026-08-28 15:11:20 [http-nio-9091-exec-1] INFO  c.o.s.s.w.NotificationHandler - Notification WS connected: userId=1
2026-08-28 15:11:23 [pool-8-thread-1] INFO  c.o.s.m.s.MonitorCollectorScheduler - 监控采集已启动 taskId=97cecbb3dcb448a2
2026-08-28 15:11:23 [http-nio-9091-exec-10] DEBUG o.s.w.s.s.s.WebSocketHandlerMapping - Mapped to org.springframework.web.socket.server.support.WebSocketHttpRequestHandler@604c5de8
2026-08-28 15:11:23 [http-nio-9091-exec-10] DEBUG o.s.w.s.s.s.WebSocketHttpRequestHandler - GET /api/ws/monitor
2026-08-28 15:11:23 [http-nio-9091-exec-10] DEBUG c.o.s.i.WebSocketAuthInterceptor - WebSocket authenticated successfully for user: admin
2026-08-28 15:11:23 [http-nio-9091-exec-10] DEBUG o.s.w.s.h.LoggingWebSocketHandlerDecorator - New StandardWebSocketSession[id=d7f0219f-fc32-5f76-ac93-0b1540a8ab56, uri=ws://127.0.0.1:9091/api/ws/monitor?token=%2FkAHWeMD%2BmIzJSK2cqy7RSxguXgGkZeoLhwBBu%2FupfQ%3D-1787901080284]
2026-08-28 15:11:23 [http-nio-9091-exec-10] INFO  c.o.server.websocket.MonitorHandler - Monitor WebSocket connected: d7f0219f-fc32-5f76-ac93-0b1540a8ab56
2026-08-28 15:11:39 [http-nio-9091-exec-1] ERROR c.ops.server.arthas.ArthasAgentProxy - Arthas Agent 请求失败: url=http://127.0.0.1:2123/api/arthas/attach, body={pid=90, projectId=1, nodeId=3}, error=Agent 返回错误: attach 失败: Arthas HTTP API 就绪超时，请检查目标进程是否为 Java 进程
2026-08-28 15:11:39 [http-nio-9091-exec-1] ERROR c.o.s.arthas.ArthasDiagnoseService - Arthas 诊断会话启动失败: sessionId=64c1521a0e404899, error=Agent 请求失败: Agent 返回错误: attach 失败: Arthas HTTP API 就绪超时，请检查目标进程是否为 Java 进程
2026-08-28 15:11:39 [http-nio-9091-exec-1] ERROR c.o.s.c.ArthasDiagnoseController - 启动诊断失败: projectId=1, nodeId=3, pid=90, error=attach 失败: Agent 请求失败: Agent 返回错误: attach 失败: Arthas HTTP API 就绪超时，请检查目标进程是否为 Java 进程
2026-08-28 15:12:01 [http-nio-9091-exec-7] INFO  c.o.server.controller.NodeController - [Heartbeat] 节点=3 diskInfoJson=[{"mountPoint":"/","totalGB":1007,"usedGB":10,"fre
2026-08-28 15:12:01 [http-nio-9091-exec-7] INFO  c.o.server.controller.NodeController - [Heartbeat] updateDiskInfo成功 节点=3
2026-08-28 15:12:01 [http-nio-9091-exec-7] DEBUG c.o.server.controller.NodeController - 监控快照 节点=3 项目=1 进程=RUNNING 健康=UP PID=90 主机CPU=1.1% 进程CPU=0.0% 主机内存=27% 进程内存=4MB 堆=null/nullMB 磁盘=1% 详情=Agent主动上报
2026-08-28 15:12:02 [http-nio-9091-exec-8] INFO  c.o.server.controller.NodeController - [Heartbeat] 节点=2 diskInfoJson=[{"mountPoint":"/","totalGB":1007,"usedGB":10,"fre
2026-08-28 15:12:02 [http-nio-9091-exec-8] INFO  c.o.server.controller.NodeController - [Heartbeat] updateDiskInfo成功 节点=2
2026-08-28 15:12:02 [http-nio-9091-exec-9] INFO  c.o.server.controller.NodeController - [Heartbeat] 节点=1 diskInfoJson=[{"mountPoint":"/","totalGB":1007,"usedGB":10,"fre
2026-08-28 15:12:02 [http-nio-9091-exec-9] INFO  c.o.server.controller.NodeController - [Heartbeat] updateDiskInfo成功 节点=1
2026-08-28 15:12:23 [pool-8-thread-1] INFO  c.o.s.m.s.MonitorCollectorScheduler - 监控采集已启动 taskId=c768966a935241fe
2026-08-28 15:13:01 [http-nio-9091-exec-5] INFO  c.o.server.controller.NodeController - [Heartbeat] 节点=3 diskInfoJson=[{"mountPoint":"/","totalGB":1007,"usedGB":10,"fre
2026-08-28 15:13:01 [http-nio-9091-exec-5] INFO  c.o.server.controller.NodeController - [Heartbeat] updateDiskInfo成功 节点=3
2026-08-28 15:13:01 [http-nio-9091-exec-5] DEBUG c.o.server.controller.NodeController - 监控快照 节点=3 项目=1 进程=RUNNING 健康=UP PID=90 主机CPU=0.8% 进程CPU=0.0% 主机内存=27% 进程内存=4MB 堆=null/nullMB 磁盘=1% 详情=Agent主动上报
2026-08-28 15:13:02 [http-nio-9091-exec-3] INFO  c.o.server.controller.NodeController - [Heartbeat] 节点=2 diskInfoJson=[{"mountPoint":"/","totalGB":1007,"usedGB":10,"fre
2026-08-28 15:13:02 [http-nio-9091-exec-3] INFO  c.o.server.controller.NodeController - [Heartbeat] updateDiskInfo成功 节点=2
2026-08-28 15:13:02 [http-nio-9091-exec-2] INFO  c.o.server.controller.NodeController - [Heartbeat] 节点=1 diskInfoJson=[{"mountPoint":"/","totalGB":1007,"usedGB":10,"fre
2026-08-28 15:13:02 [http-nio-9091-exec-2] INFO  c.o.server.controller.NodeController - [Heartbeat] updateDiskInfo成功 节点=1
2026-08-28 15:13:23 [pool-8-thread-1] INFO  c.o.s.m.s.MonitorCollectorScheduler - 监控采集已启动 taskId=9a8b99d4e7734387
2026-08-28 15:14:01 [http-nio-9091-exec-6] INFO  c.o.server.controller.NodeController - [Heartbeat] 节点=3 diskInfoJson=[{"mountPoint":"/","totalGB":1007,"usedGB":10,"fre
2026-08-28 15:14:01 [http-nio-9091-exec-6] INFO  c.o.server.controller.NodeController - [Heartbeat] updateDiskInfo成功 节点=3
2026-08-28 15:14:01 [http-nio-9091-exec-6] DEBUG c.o.server.controller.NodeController - 监控快照 节点=3 项目=1 进程=RUNNING 健康=UP PID=90 主机CPU=0.9% 进程CPU=0.0% 主机内存=27% 进程内存=4MB 堆=null/nullMB 磁盘=1% 详情=Agent主动上报
2026-08-28 15:14:02 [http-nio-9091-exec-4] INFO  c.o.server.controller.NodeController - [Heartbeat] 节点=2 diskInfoJson=[{"mountPoint":"/","totalGB":1007,"usedGB":10,"fre
2026-08-28 15:14:02 [http-nio-9091-exec-4] INFO  c.o.server.controller.NodeController - [Heartbeat] updateDiskInfo成功 节点=2
2026-08-28 15:14:02 [http-nio-9091-exec-7] INFO  c.o.server.controller.NodeController - [Heartbeat] 节点=1 diskInfoJson=[{"mountPoint":"/","totalGB":1007,"usedGB":10,"fre
2026-08-28 15:14:02 [http-nio-9091-exec-7] INFO  c.o.server.controller.NodeController - [Heartbeat] updateDiskInfo成功 节点=1
2026-08-28 15:14:23 [pool-8-thread-1] INFO  c.o.s.m.s.MonitorCollectorScheduler - 监控采集已启动 taskId=001e3d77ad3a4384
2026-08-28 15:14:54 [http-nio-9091-exec-3] INFO  c.o.server.controller.NodeController - [Heartbeat] 节点=3 diskInfoJson=[{"mountPoint":"/","totalGB":1007,"usedGB":10,"fre
2026-08-28 15:14:54 [http-nio-9091-exec-3] INFO  c.o.server.controller.NodeController - [Heartbeat] updateDiskInfo成功 节点=3
2026-08-28 15:14:54 [http-nio-9091-exec-3] DEBUG c.o.server.controller.NodeController - 监控快照 节点=3 项目=1 进程=STOPPED 健康=DOWN PID=null 主机CPU=0.0% 进程CPU=0.0% 主机内存=21% 进程内存=4MB 堆=null/nullMB 磁盘=1% 详情=应用进程已停止
2026-08-28 15:14:54 [http-nio-9091-exec-2] INFO  c.o.server.controller.NodeController - [Heartbeat] 节点=2 diskInfoJson=[{"mountPoint":"/","totalGB":1007,"usedGB":10,"fre
2026-08-28 15:14:54 [http-nio-9091-exec-2] INFO  c.o.server.controller.NodeController - [Heartbeat] updateDiskInfo成功 节点=2
2026-08-28 15:14:54 [http-nio-9091-exec-1] INFO  c.o.server.controller.NodeController - [Heartbeat] 节点=1 diskInfoJson=[{"mountPoint":"/","totalGB":1007,"usedGB":10,"fre
2026-08-28 15:14:54 [http-nio-9091-exec-1] INFO  c.o.server.controller.NodeController - [Heartbeat] updateDiskInfo成功 节点=1
2026-08-28 15:15:23 [pool-8-thread-1] INFO  c.o.s.m.s.MonitorCollectorScheduler - 监控采集已启动 taskId=082f4b2126034343
2026-08-28 15:15:32 [http-nio-9091-exec-6] INFO  c.o.s.arthas.ArthasDiagnoseService - Arthas 诊断会话启动成功: sessionId=15b7240d6360463a, projectId=1, nodeId=3, pid=66
2026-08-28 15:15:53 [http-nio-9091-exec-8] INFO  c.o.server.controller.NodeController - [Heartbeat] 节点=3 diskInfoJson=[{"mountPoint":"/","totalGB":1007,"usedGB":10,"fre
2026-08-28 15:15:53 [http-nio-9091-exec-8] INFO  c.o.server.controller.NodeController - [Heartbeat] updateDiskInfo成功 节点=3
2026-08-28 15:15:53 [http-nio-9091-exec-8] DEBUG c.o.server.controller.NodeController - 监控快照 节点=3 项目=1 进程=RUNNING 健康=UP PID=60 主机CPU=6.4% 进程CPU=0.0% 主机内存=28% 进程内存=4MB 堆=37/232MB 磁盘=1% 详情=Agent主动上报
2026-08-28 15:15:54 [http-nio-9091-exec-5] INFO  c.o.server.controller.NodeController - [Heartbeat] 节点=2 diskInfoJson=[{"mountPoint":"/","totalGB":1007,"usedGB":10,"fre
2026-08-28 15:15:54 [http-nio-9091-exec-5] INFO  c.o.server.controller.NodeController - [Heartbeat] updateDiskInfo成功 节点=2
2026-08-28 15:15:54 [http-nio-9091-exec-9] INFO  c.o.server.controller.NodeController - [Heartbeat] 节点=1 diskInfoJson=[{"mountPoint":"/","totalGB":1007,"usedGB":10,"fre
2026-08-28 15:15:54 [http-nio-9091-exec-9] INFO  c.o.server.controller.NodeController - [Heartbeat] updateDiskInfo成功 节点=1
2026-08-28 15:16:02 [http-nio-9091-exec-4] DEBUG o.s.w.s.h.LoggingWebSocketHandlerDecorator - StandardWebSocketSession[id=d7f0219f-fc32-5f76-ac93-0b1540a8ab56, uri=ws://127.0.0.1:9091/api/ws/monitor?token=%2FkAHWeMD%2BmIzJSK2cqy7RSxguXgGkZeoLhwBBu%2FupfQ%3D-1787901080284] closed with CloseStatus[code=1001, reason=null]
2026-08-28 15:16:02 [http-nio-9091-exec-6] DEBUG o.s.w.s.h.LoggingWebSocketHandlerDecorator - StandardWebSocketSession[id=d7ae5a6d-7c93-7c2a-fab3-390143958ac1, uri=ws://127.0.0.1:9091/api/ws/notification?token=%2FkAHWeMD%2BmIzJSK2cqy7RSxguXgGkZeoLhwBBu%2FupfQ%3D-1787901080284] closed with CloseStatus[code=1001, reason=null]
2026-08-28 15:16:02 [http-nio-9091-exec-6] INFO  c.o.s.s.w.NotificationHandler - Notification WS closed: d7ae5a6d-7c93-7c2a-fab3-390143958ac1
2026-08-28 15:16:02 [http-nio-9091-exec-4] INFO  c.o.server.websocket.MonitorHandler - Monitor WebSocket closed: d7f0219f-fc32-5f76-ac93-0b1540a8ab56
2026-08-28 15:16:04 [http-nio-9091-exec-10] DEBUG o.s.w.s.s.s.WebSocketHandlerMapping - Mapped to org.springframework.web.socket.server.support.WebSocketHttpRequestHandler@37091312
2026-08-28 15:16:04 [http-nio-9091-exec-10] DEBUG o.s.w.s.s.s.WebSocketHttpRequestHandler - GET /api/ws/notification
2026-08-28 15:16:04 [http-nio-9091-exec-10] DEBUG c.o.s.i.WebSocketAuthInterceptor - WebSocket authenticated successfully for user: admin
2026-08-28 15:16:04 [http-nio-9091-exec-10] DEBUG o.s.w.s.h.LoggingWebSocketHandlerDecorator - New StandardWebSocketSession[id=d118f57e-d4bf-aa03-a6b7-7b6dd858b085, uri=ws://127.0.0.1:9091/api/ws/notification?token=%2FkAHWeMD%2BmIzJSK2cqy7RSxguXgGkZeoLhwBBu%2FupfQ%3D-1787901080284]
2026-08-28 15:16:04 [http-nio-9091-exec-10] INFO  c.o.s.s.w.NotificationHandler - Notification WS connected: userId=1
2026-08-28 15:16:04 [http-nio-9091-exec-1] DEBUG o.s.w.s.s.s.WebSocketHandlerMapping - Mapped to org.springframework.web.socket.server.support.WebSocketHttpRequestHandler@604c5de8
2026-08-28 15:16:04 [http-nio-9091-exec-1] DEBUG o.s.w.s.s.s.WebSocketHttpRequestHandler - GET /api/ws/monitor
2026-08-28 15:16:04 [http-nio-9091-exec-1] DEBUG c.o.s.i.WebSocketAuthInterceptor - WebSocket authenticated successfully for user: admin
2026-08-28 15:16:04 [http-nio-9091-exec-1] DEBUG o.s.w.s.h.LoggingWebSocketHandlerDecorator - New StandardWebSocketSession[id=9e14cd07-ac9a-f62c-74c1-c9b30560eb85, uri=ws://127.0.0.1:9091/api/ws/monitor?token=%2FkAHWeMD%2BmIzJSK2cqy7RSxguXgGkZeoLhwBBu%2FupfQ%3D-1787901080284]
2026-08-28 15:16:04 [http-nio-9091-exec-1] INFO  c.o.server.websocket.MonitorHandler - Monitor WebSocket connected: 9e14cd07-ac9a-f62c-74c1-c9b30560eb85
2026-08-28 15:16:21 [http-nio-9091-exec-4] ERROR c.ops.server.arthas.ArthasAgentProxy - Arthas Agent 请求失败: url=http://127.0.0.1:2123/api/arthas/attach, body={pid=60, projectId=1, nodeId=3}, error=Agent 返回错误: attach 失败: Arthas HTTP API 就绪超时，请检查目标进程是否为 Java 进程
2026-08-28 15:16:21 [http-nio-9091-exec-4] ERROR c.o.s.arthas.ArthasDiagnoseService - Arthas 诊断会话启动失败: sessionId=b64ddfd4dacf4b2b, error=Agent 请求失败: Agent 返回错误: attach 失败: Arthas HTTP API 就绪超时，请检查目标进程是否为 Java 进程
2026-08-28 15:16:21 [http-nio-9091-exec-4] ERROR c.o.s.c.ArthasDiagnoseController - 启动诊断失败: projectId=1, nodeId=3, pid=60, error=attach 失败: Agent 请求失败: Agent 返回错误: attach 失败: Arthas HTTP API 就绪超时，请检查目标进程是否为 Java 进程
2026-08-28 15:16:23 [pool-8-thread-1] INFO  c.o.s.m.s.MonitorCollectorScheduler - 监控采集已启动 taskId=927b37692df94c7d
2026-08-28 15:16:53 [http-nio-9091-exec-1] INFO  c.o.server.controller.NodeController - [Heartbeat] 节点=3 diskInfoJson=[{"mountPoint":"/","totalGB":1007,"usedGB":10,"fre
2026-08-28 15:16:53 [http-nio-9091-exec-1] INFO  c.o.server.controller.NodeController - [Heartbeat] updateDiskInfo成功 节点=3
2026-08-28 15:16:53 [http-nio-9091-exec-1] DEBUG c.o.server.controller.NodeController - 监控快照 节点=3 项目=1 进程=RUNNING 健康=UP PID=60 主机CPU=1.1% 进程CPU=0.0% 主机内存=28% 进程内存=4MB 堆=44/232MB 磁盘=1% 详情=Agent主动上报
2026-08-28 15:16:54 [http-nio-9091-exec-4] INFO  c.o.server.controller.NodeController - [Heartbeat] 节点=2 diskInfoJson=[{"mountPoint":"/","totalGB":1007,"usedGB":10,"fre
2026-08-28 15:16:54 [http-nio-9091-exec-4] INFO  c.o.server.controller.NodeController - [Heartbeat] updateDiskInfo成功 节点=2
2026-08-28 15:16:54 [http-nio-9091-exec-6] INFO  c.o.server.controller.NodeController - [Heartbeat] 节点=1 diskInfoJson=[{"mountPoint":"/","totalGB":1007,"usedGB":10,"fre
2026-08-28 15:16:54 [http-nio-9091-exec-6] INFO  c.o.server.controller.NodeController - [Heartbeat] updateDiskInfo成功 节点=1
2026-08-28 15:17:23 [pool-8-thread-1] INFO  c.o.s.m.s.MonitorCollectorScheduler - 监控采集已启动 taskId=d87285953d8d456f
2026-08-28 15:17:53 [http-nio-9091-exec-5] INFO  c.o.server.controller.NodeController - [Heartbeat] 节点=3 diskInfoJson=[{"mountPoint":"/","totalGB":1007,"usedGB":10,"fre
2026-08-28 15:17:53 [http-nio-9091-exec-5] INFO  c.o.server.controller.NodeController - [Heartbeat] updateDiskInfo成功 节点=3
2026-08-28 15:17:53 [http-nio-9091-exec-5] DEBUG c.o.server.controller.NodeController - 监控快照 节点=3 项目=1 进程=RUNNING 健康=UP PID=60 主机CPU=1.0% 进程CPU=0.0% 主机内存=28% 进程内存=4MB 堆=46/232MB 磁盘=1% 详情=Agent主动上报
2026-08-28 15:17:54 [http-nio-9091-exec-8] INFO  c.o.server.controller.NodeController - [Heartbeat] 节点=2 diskInfoJson=[{"mountPoint":"/","totalGB":1007,"usedGB":10,"fre
2026-08-28 15:17:54 [http-nio-9091-exec-8] INFO  c.o.server.controller.NodeController - [Heartbeat] updateDiskInfo成功 节点=2
2026-08-28 15:17:54 [http-nio-9091-exec-9] INFO  c.o.server.controller.NodeController - [Heartbeat] 节点=1 diskInfoJson=[{"mountPoint":"/","totalGB":1007,"usedGB":10,"fre
2026-08-28 15:17:54 [http-nio-9091-exec-9] INFO  c.o.server.controller.NodeController - [Heartbeat] updateDiskInfo成功 节点=1
2026-08-28 15:18:23 [pool-8-thread-1] INFO  c.o.s.m.s.MonitorCollectorScheduler - 监控采集已启动 taskId=68649112e5814fd6
2026-08-28 15:18:53 [http-nio-9091-exec-2] INFO  c.o.server.controller.NodeController - [Heartbeat] 节点=3 diskInfoJson=[{"mountPoint":"/","totalGB":1007,"usedGB":10,"fre
2026-08-28 15:18:53 [http-nio-9091-exec-2] INFO  c.o.server.controller.NodeController - [Heartbeat] updateDiskInfo成功 节点=3
2026-08-28 15:18:53 [http-nio-9091-exec-2] DEBUG c.o.server.controller.NodeController - 监控快照 节点=3 项目=1 进程=RUNNING 健康=UP PID=60 主机CPU=1.0% 进程CPU=0.0% 主机内存=28% 进程内存=4MB 堆=47/232MB 磁盘=1% 详情=Agent主动上报
2026-08-28 15:18:54 [http-nio-9091-exec-4] INFO  c.o.server.controller.NodeController - [Heartbeat] 节点=2 diskInfoJson=[{"mountPoint":"/","totalGB":1007,"usedGB":10,"fre
2026-08-28 15:18:54 [http-nio-9091-exec-4] INFO  c.o.server.controller.NodeController - [Heartbeat] updateDiskInfo成功 节点=2
2026-08-28 15:18:54 [http-nio-9091-exec-1] INFO  c.o.server.controller.NodeController - [Heartbeat] 节点=1 diskInfoJson=[{"mountPoint":"/","totalGB":1007,"usedGB":10,"fre
2026-08-28 15:18:54 [http-nio-9091-exec-1] INFO  c.o.server.controller.NodeController - [Heartbeat] updateDiskInfo成功 节点=1
2026-08-28 15:19:23 [pool-8-thread-1] INFO  c.o.s.m.s.MonitorCollectorScheduler - 监控采集已启动 taskId=0337b202a3a443fe
2026-08-28 15:19:53 [http-nio-9091-exec-10] INFO  c.o.server.controller.NodeController - [Heartbeat] 节点=3 diskInfoJson=[{"mountPoint":"/","totalGB":1007,"usedGB":10,"fre
2026-08-28 15:19:53 [http-nio-9091-exec-10] INFO  c.o.server.controller.NodeController - [Heartbeat] updateDiskInfo成功 节点=3
2026-08-28 15:19:53 [http-nio-9091-exec-10] DEBUG c.o.server.controller.NodeController - 监控快照 节点=3 项目=1 进程=RUNNING 健康=UP PID=60 主机CPU=0.9% 进程CPU=0.0% 主机内存=27% 进程内存=4MB 堆=48/232MB 磁盘=1% 详情=Agent主动上报
2026-08-28 15:19:54 [http-nio-9091-exec-5] INFO  c.o.server.controller.NodeController - [Heartbeat] 节点=2 diskInfoJson=[{"mountPoint":"/","totalGB":1007,"usedGB":10,"fre
2026-08-28 15:19:54 [http-nio-9091-exec-5] INFO  c.o.server.controller.NodeController - [Heartbeat] updateDiskInfo成功 节点=2
2026-08-28 15:19:54 [http-nio-9091-exec-8] INFO  c.o.server.controller.NodeController - [Heartbeat] 节点=1 diskInfoJson=[{"mountPoint":"/","totalGB":1007,"usedGB":10,"fre
2026-08-28 15:19:54 [http-nio-9091-exec-8] INFO  c.o.server.controller.NodeController - [Heartbeat] updateDiskInfo成功 节点=1
2026-08-28 15:20:23 [pool-8-thread-1] INFO  c.o.s.m.s.MonitorCollectorScheduler - 监控采集已启动 taskId=953afb5fd829499b
2026-08-28 15:20:53 [http-nio-9091-exec-9] INFO  c.o.server.controller.NodeController - [Heartbeat] 节点=3 diskInfoJson=[{"mountPoint":"/","totalGB":1007,"usedGB":10,"fre
2026-08-28 15:20:53 [http-nio-9091-exec-9] INFO  c.o.server.controller.NodeController - [Heartbeat] updateDiskInfo成功 节点=3
2026-08-28 15:20:53 [http-nio-9091-exec-9] DEBUG c.o.server.controller.NodeController - 监控快照 节点=3 项目=1 进程=RUNNING 健康=UP PID=60 主机CPU=1.1% 进程CPU=0.0% 主机内存=27% 进程内存=4MB 堆=50/232MB 磁盘=1% 详情=Agent主动上报
2026-08-28 15:20:54 [http-nio-9091-exec-3] INFO  c.o.server.controller.NodeController - [Heartbeat] 节点=2 diskInfoJson=[{"mountPoint":"/","totalGB":1007,"usedGB":10,"fre
2026-08-28 15:20:54 [http-nio-9091-exec-3] INFO  c.o.server.controller.NodeController - [Heartbeat] updateDiskInfo成功 节点=2
2026-08-28 15:20:54 [http-nio-9091-exec-2] INFO  c.o.server.controller.NodeController - [Heartbeat] 节点=1 diskInfoJson=[{"mountPoint":"/","totalGB":1007,"usedGB":10,"fre
2026-08-28 15:20:54 [http-nio-9091-exec-2] INFO  c.o.server.controller.NodeController - [Heartbeat] updateDiskInfo成功 节点=1
2026-08-28 15:21:23 [pool-8-thread-1] INFO  c.o.s.m.s.MonitorCollectorScheduler - 监控采集已启动 taskId=f5e8b63639214d57
2026-08-28 15:21:53 [http-nio-9091-exec-6] INFO  c.o.server.controller.NodeController - [Heartbeat] 节点=3 diskInfoJson=[{"mountPoint":"/","totalGB":1007,"usedGB":10,"fre
2026-08-28 15:21:53 [http-nio-9091-exec-6] INFO  c.o.server.controller.NodeController - [Heartbeat] updateDiskInfo成功 节点=3
2026-08-28 15:21:53 [http-nio-9091-exec-6] DEBUG c.o.server.controller.NodeController - 监控快照 节点=3 项目=1 进程=RUNNING 健康=UP PID=60 主机CPU=0.9% 进程CPU=0.0% 主机内存=27% 进程内存=4MB 堆=51/232MB 磁盘=1% 详情=Agent主动上报
2026-08-28 15:21:54 [http-nio-9091-exec-1] INFO  c.o.server.controller.NodeController - [Heartbeat] 节点=2 diskInfoJson=[{"mountPoint":"/","totalGB":1007,"usedGB":10,"fre
2026-08-28 15:21:54 [http-nio-9091-exec-1] INFO  c.o.server.controller.NodeController - [Heartbeat] updateDiskInfo成功 节点=2
2026-08-28 15:21:54 [http-nio-9091-exec-10] INFO  c.o.server.controller.NodeController - [Heartbeat] 节点=1 diskInfoJson=[{"mountPoint":"/","totalGB":1007,"usedGB":10,"fre
2026-08-28 15:21:54 [http-nio-9091-exec-10] INFO  c.o.server.controller.NodeController - [Heartbeat] updateDiskInfo成功 节点=1
2026-08-28 15:22:15 [http-nio-9091-exec-4] DEBUG o.s.w.s.h.LoggingWebSocketHandlerDecorator - StandardWebSocketSession[id=d118f57e-d4bf-aa03-a6b7-7b6dd858b085, uri=ws://127.0.0.1:9091/api/ws/notification?token=%2FkAHWeMD%2BmIzJSK2cqy7RSxguXgGkZeoLhwBBu%2FupfQ%3D-1787901080284] closed with CloseStatus[code=1001, reason=null]
2026-08-28 15:22:15 [http-nio-9091-exec-6] DEBUG o.s.w.s.h.LoggingWebSocketHandlerDecorator - StandardWebSocketSession[id=9e14cd07-ac9a-f62c-74c1-c9b30560eb85, uri=ws://127.0.0.1:9091/api/ws/monitor?token=%2FkAHWeMD%2BmIzJSK2cqy7RSxguXgGkZeoLhwBBu%2FupfQ%3D-1787901080284] closed with CloseStatus[code=1001, reason=null]
2026-08-28 15:22:15 [http-nio-9091-exec-4] INFO  c.o.s.s.w.NotificationHandler - Notification WS closed: d118f57e-d4bf-aa03-a6b7-7b6dd858b085
2026-08-28 15:22:15 [http-nio-9091-exec-6] INFO  c.o.server.websocket.MonitorHandler - Monitor WebSocket closed: 9e14cd07-ac9a-f62c-74c1-c9b30560eb85
2026-08-28 15:22:17 [http-nio-9091-exec-1] DEBUG o.s.w.s.s.s.WebSocketHandlerMapping - Mapped to org.springframework.web.socket.server.support.WebSocketHttpRequestHandler@37091312
2026-08-28 15:22:17 [http-nio-9091-exec-1] DEBUG o.s.w.s.s.s.WebSocketHttpRequestHandler - GET /api/ws/notification
2026-08-28 15:22:17 [http-nio-9091-exec-1] DEBUG c.o.s.i.WebSocketAuthInterceptor - WebSocket authenticated successfully for user: admin
2026-08-28 15:22:17 [http-nio-9091-exec-1] DEBUG o.s.w.s.h.LoggingWebSocketHandlerDecorator - New StandardWebSocketSession[id=df0f1aa5-cfdb-9bd2-3648-bfcccb1e28ee, uri=ws://127.0.0.1:9091/api/ws/notification?token=%2FkAHWeMD%2BmIzJSK2cqy7RSxguXgGkZeoLhwBBu%2FupfQ%3D-1787901080284]
2026-08-28 15:22:17 [http-nio-9091-exec-1] INFO  c.o.s.s.w.NotificationHandler - Notification WS connected: userId=1
2026-08-28 15:22:18 [http-nio-9091-exec-2] DEBUG o.s.w.s.s.s.WebSocketHandlerMapping - Mapped to org.springframework.web.socket.server.support.WebSocketHttpRequestHandler@604c5de8
2026-08-28 15:22:18 [http-nio-9091-exec-2] DEBUG o.s.w.s.s.s.WebSocketHttpRequestHandler - GET /api/ws/monitor
2026-08-28 15:22:18 [http-nio-9091-exec-2] DEBUG c.o.s.i.WebSocketAuthInterceptor - WebSocket authenticated successfully for user: admin
2026-08-28 15:22:18 [http-nio-9091-exec-2] DEBUG o.s.w.s.h.LoggingWebSocketHandlerDecorator - New StandardWebSocketSession[id=e8c4719a-0d03-9955-b494-d819c1aa6cc6, uri=ws://127.0.0.1:9091/api/ws/monitor?token=%2FkAHWeMD%2BmIzJSK2cqy7RSxguXgGkZeoLhwBBu%2FupfQ%3D-1787901080284]
2026-08-28 15:22:18 [http-nio-9091-exec-2] INFO  c.o.server.websocket.MonitorHandler - Monitor WebSocket connected: e8c4719a-0d03-9955-b494-d819c1aa6cc6
2026-08-28 15:22:23 [pool-8-thread-1] INFO  c.o.s.m.s.MonitorCollectorScheduler - 监控采集已启动 taskId=f75d12409b6b474c
2026-08-28 15:22:34 [http-nio-9091-exec-4] ERROR c.ops.server.arthas.ArthasAgentProxy - Arthas Agent 请求失败: url=http://127.0.0.1:2123/api/arthas/attach, body={pid=60, projectId=1, nodeId=3}, error=Agent 返回错误: attach 失败: Arthas HTTP API 就绪超时，请检查目标进程是否为 Java 进程
2026-08-28 15:22:34 [http-nio-9091-exec-4] ERROR c.o.s.arthas.ArthasDiagnoseService - Arthas 诊断会话启动失败: sessionId=d4cfcb19771f4c8f, error=Agent 请求失败: Agent 返回错误: attach 失败: Arthas HTTP API 就绪超时，请检查目标进程是否为 Java 进程
2026-08-28 15:22:34 [http-nio-9091-exec-4] ERROR c.o.s.c.ArthasDiagnoseController - 启动诊断失败: projectId=1, nodeId=3, pid=60, error=attach 失败: Agent 请求失败: Agent 返回错误: attach 失败: Arthas HTTP API 就绪超时，请检查目标进程是否为 Java 进程
2026-08-28 15:22:53 [http-nio-9091-exec-10] INFO  c.o.server.controller.NodeController - [Heartbeat] 节点=3 diskInfoJson=[{"mountPoint":"/","totalGB":1007,"usedGB":10,"fre
2026-08-28 15:22:53 [http-nio-9091-exec-10] INFO  c.o.server.controller.NodeController - [Heartbeat] updateDiskInfo成功 节点=3
2026-08-28 15:22:53 [http-nio-9091-exec-10] DEBUG c.o.server.controller.NodeController - 监控快照 节点=3 项目=1 进程=RUNNING 健康=UP PID=60 主机CPU=1.0% 进程CPU=0.0% 主机内存=28% 进程内存=4MB 堆=54/232MB 磁盘=1% 详情=Agent主动上报
2026-08-28 15:22:54 [http-nio-9091-exec-3] INFO  c.o.server.controller.NodeController - [Heartbeat] 节点=2 diskInfoJson=[{"mountPoint":"/","totalGB":1007,"usedGB":10,"fre
2026-08-28 15:22:54 [http-nio-9091-exec-3] INFO  c.o.server.controller.NodeController - [Heartbeat] updateDiskInfo成功 节点=2
2026-08-28 15:22:54 [http-nio-9091-exec-9] INFO  c.o.server.controller.NodeController - [Heartbeat] 节点=1 diskInfoJson=[{"mountPoint":"/","totalGB":1007,"usedGB":10,"fre
2026-08-28 15:22:54 [http-nio-9091-exec-9] INFO  c.o.server.controller.NodeController - [Heartbeat] updateDiskInfo成功 节点=1
2026-08-28 15:23:23 [pool-8-thread-1] INFO  c.o.s.m.s.MonitorCollectorScheduler - 监控采集已启动 taskId=7c53fceb821a4fa2
2026-08-28 15:23:53 [http-nio-9091-exec-6] INFO  c.o.server.controller.NodeController - [Heartbeat] 节点=3 diskInfoJson=[{"mountPoint":"/","totalGB":1007,"usedGB":10,"fre
2026-08-28 15:23:53 [http-nio-9091-exec-6] INFO  c.o.server.controller.NodeController - [Heartbeat] updateDiskInfo成功 节点=3
2026-08-28 15:23:53 [http-nio-9091-exec-6] DEBUG c.o.server.controller.NodeController - 监控快照 节点=3 项目=1 进程=RUNNING 健康=UP PID=60 主机CPU=0.8% 进程CPU=0.0% 主机内存=27% 进程内存=4MB 堆=54/232MB 磁盘=1% 详情=Agent主动上报
2026-08-28 15:23:54 [http-nio-9091-exec-1] INFO  c.o.server.controller.NodeController - [Heartbeat] 节点=2 diskInfoJson=[{"mountPoint":"/","totalGB":1007,"usedGB":10,"fre
2026-08-28 15:23:54 [http-nio-9091-exec-1] INFO  c.o.server.controller.NodeController - [Heartbeat] updateDiskInfo成功 节点=2
2026-08-28 15:23:54 [http-nio-9091-exec-4] INFO  c.o.server.controller.NodeController - [Heartbeat] 节点=1 diskInfoJson=[{"mountPoint":"/","totalGB":1007,"usedGB":10,"fre
2026-08-28 15:23:54 [http-nio-9091-exec-4] INFO  c.o.server.controller.NodeController - [Heartbeat] updateDiskInfo成功 节点=1
2026-08-28 15:24:23 [pool-8-thread-1] INFO  c.o.s.m.s.MonitorCollectorScheduler - 监控采集已启动 taskId=a0fd501d058248fb
2026-08-28 15:24:53 [http-nio-9091-exec-10] INFO  c.o.server.controller.NodeController - [Heartbeat] 节点=3 diskInfoJson=[{"mountPoint":"/","totalGB":1007,"usedGB":10,"fre
2026-08-28 15:24:53 [http-nio-9091-exec-10] INFO  c.o.server.controller.NodeController - [Heartbeat] updateDiskInfo成功 节点=3
2026-08-28 15:24:53 [http-nio-9091-exec-10] DEBUG c.o.server.controller.NodeController - 监控快照 节点=3 项目=1 进程=RUNNING 健康=UP PID=60 主机CPU=1.1% 进程CPU=0.0% 主机内存=27% 进程内存=4MB 堆=54/232MB 磁盘=1% 详情=Agent主动上报
2026-08-28 15:24:54 [http-nio-9091-exec-9] INFO  c.o.server.controller.NodeController - [Heartbeat] 节点=2 diskInfoJson=[{"mountPoint":"/","totalGB":1007,"usedGB":10,"fre
2026-08-28 15:24:54 [http-nio-9091-exec-9] INFO  c.o.server.controller.NodeController - [Heartbeat] updateDiskInfo成功 节点=2
2026-08-28 15:24:54 [http-nio-9091-exec-2] INFO  c.o.server.controller.NodeController - [Heartbeat] 节点=1 diskInfoJson=[{"mountPoint":"/","totalGB":1007,"usedGB":10,"fre
2026-08-28 15:24:54 [http-nio-9091-exec-2] INFO  c.o.server.controller.NodeController - [Heartbeat] updateDiskInfo成功 节点=1
2026-08-28 15:25:23 [pool-8-thread-1] INFO  c.o.s.m.s.MonitorCollectorScheduler - 监控采集已启动 taskId=25fbd52792244f54
2026-08-28 15:25:53 [http-nio-9091-exec-1] INFO  c.o.server.controller.NodeController - [Heartbeat] 节点=3 diskInfoJson=[{"mountPoint":"/","totalGB":1007,"usedGB":10,"fre
2026-08-28 15:25:53 [http-nio-9091-exec-1] INFO  c.o.server.controller.NodeController - [Heartbeat] updateDiskInfo成功 节点=3
2026-08-28 15:25:53 [http-nio-9091-exec-1] DEBUG c.o.server.controller.NodeController - 监控快照 节点=3 项目=1 进程=RUNNING 健康=UP PID=60 主机CPU=1.0% 进程CPU=0.0% 主机内存=27% 进程内存=4MB 堆=54/232MB 磁盘=1% 详情=Agent主动上报
2026-08-28 15:25:54 [http-nio-9091-exec-4] INFO  c.o.server.controller.NodeController - [Heartbeat] 节点=2 diskInfoJson=[{"mountPoint":"/","totalGB":1007,"usedGB":10,"fre
2026-08-28 15:25:54 [http-nio-9091-exec-4] INFO  c.o.server.controller.NodeController - [Heartbeat] updateDiskInfo成功 节点=2
2026-08-28 15:25:54 [http-nio-9091-exec-5] INFO  c.o.server.controller.NodeController - [Heartbeat] 节点=1 diskInfoJson=[{"mountPoint":"/","totalGB":1007,"usedGB":10,"fre
2026-08-28 15:25:54 [http-nio-9091-exec-5] INFO  c.o.server.controller.NodeController - [Heartbeat] updateDiskInfo成功 节点=1
2026-08-28 15:26:23 [pool-8-thread-1] INFO  c.o.s.m.s.MonitorCollectorScheduler - 监控采集已启动 taskId=3c10ea6978384411
2026-08-28 15:26:53 [http-nio-9091-exec-3] INFO  c.o.server.controller.NodeController - [Heartbeat] 节点=3 diskInfoJson=[{"mountPoint":"/","totalGB":1007,"usedGB":10,"fre
2026-08-28 15:26:53 [http-nio-9091-exec-3] INFO  c.o.server.controller.NodeController - [Heartbeat] updateDiskInfo成功 节点=3
2026-08-28 15:26:53 [http-nio-9091-exec-3] DEBUG c.o.server.controller.NodeController - 监控快照 节点=3 项目=1 进程=RUNNING 健康=UP PID=60 主机CPU=1.1% 进程CPU=0.0% 主机内存=27% 进程内存=4MB 堆=70/232MB 磁盘=1% 详情=Agent主动上报
2026-08-28 15:26:54 [http-nio-9091-exec-7] INFO  c.o.server.controller.NodeController - [Heartbeat] 节点=2 diskInfoJson=[{"mountPoint":"/","totalGB":1007,"usedGB":10,"fre
2026-08-28 15:26:54 [http-nio-9091-exec-7] INFO  c.o.server.controller.NodeController - [Heartbeat] updateDiskInfo成功 节点=2
2026-08-28 15:26:54 [http-nio-9091-exec-10] INFO  c.o.server.controller.NodeController - [Heartbeat] 节点=1 diskInfoJson=[{"mountPoint":"/","totalGB":1007,"usedGB":10,"fre
2026-08-28 15:26:54 [http-nio-9091-exec-10] INFO  c.o.server.controller.NodeController - [Heartbeat] updateDiskInfo成功 节点=1
2026-08-28 15:27:23 [pool-8-thread-1] INFO  c.o.s.m.s.MonitorCollectorScheduler - 监控采集已启动 taskId=7ef21f29358f4bf8
2026-08-28 15:27:53 [http-nio-9091-exec-2] INFO  c.o.server.controller.NodeController - [Heartbeat] 节点=3 diskInfoJson=[{"mountPoint":"/","totalGB":1007,"usedGB":10,"fre
2026-08-28 15:27:53 [http-nio-9091-exec-2] INFO  c.o.server.controller.NodeController - [Heartbeat] updateDiskInfo成功 节点=3
2026-08-28 15:27:53 [http-nio-9091-exec-2] DEBUG c.o.server.controller.NodeController - 监控快照 节点=3 项目=1 进程=RUNNING 健康=UP PID=60 主机CPU=1.0% 进程CPU=0.0% 主机内存=27% 进程内存=4MB 堆=70/232MB 磁盘=1% 详情=Agent主动上报
2026-08-28 15:27:54 [http-nio-9091-exec-6] INFO  c.o.server.controller.NodeController - [Heartbeat] 节点=2 diskInfoJson=[{"mountPoint":"/","totalGB":1007,"usedGB":10,"fre
2026-08-28 15:27:54 [http-nio-9091-exec-6] INFO  c.o.server.controller.NodeController - [Heartbeat] updateDiskInfo成功 节点=2
2026-08-28 15:27:54 [http-nio-9091-exec-1] INFO  c.o.server.controller.NodeController - [Heartbeat] 节点=1 diskInfoJson=[{"mountPoint":"/","totalGB":1007,"usedGB":10,"fre
2026-08-28 15:27:54 [http-nio-9091-exec-1] INFO  c.o.server.controller.NodeController - [Heartbeat] updateDiskInfo成功 节点=1
2026-08-28 15:28:23 [pool-8-thread-1] INFO  c.o.s.m.s.MonitorCollectorScheduler - 监控采集已启动 taskId=c8b1d6b4bed74d68
2026-08-28 15:28:53 [http-nio-9091-exec-8] INFO  c.o.server.controller.NodeController - [Heartbeat] 节点=3 diskInfoJson=[{"mountPoint":"/","totalGB":1007,"usedGB":10,"fre
2026-08-28 15:28:53 [http-nio-9091-exec-8] INFO  c.o.server.controller.NodeController - [Heartbeat] updateDiskInfo成功 节点=3
2026-08-28 15:28:53 [http-nio-9091-exec-8] DEBUG c.o.server.controller.NodeController - 监控快照 节点=3 项目=1 进程=RUNNING 健康=UP PID=60 主机CPU=1.0% 进程CPU=0.0% 主机内存=27% 进程内存=4MB 堆=70/232MB 磁盘=1% 详情=Agent主动上报
2026-08-28 15:28:54 [http-nio-9091-exec-5] INFO  c.o.server.controller.NodeController - [Heartbeat] 节点=2 diskInfoJson=[{"mountPoint":"/","totalGB":1007,"usedGB":10,"fre
2026-08-28 15:28:54 [http-nio-9091-exec-5] INFO  c.o.server.controller.NodeController - [Heartbeat] updateDiskInfo成功 节点=2
2026-08-28 15:28:54 [http-nio-9091-exec-7] INFO  c.o.server.controller.NodeController - [Heartbeat] 节点=1 diskInfoJson=[{"mountPoint":"/","totalGB":1007,"usedGB":10,"fre
2026-08-28 15:28:54 [http-nio-9091-exec-7] INFO  c.o.server.controller.NodeController - [Heartbeat] updateDiskInfo成功 节点=1
2026-08-28 15:29:23 [pool-8-thread-1] INFO  c.o.s.m.s.MonitorCollectorScheduler - 监控采集已启动 taskId=e09157ea9ec648f7
2026-08-28 15:29:53 [http-nio-9091-exec-10] INFO  c.o.server.controller.NodeController - [Heartbeat] 节点=3 diskInfoJson=[{"mountPoint":"/","totalGB":1007,"usedGB":10,"fre
2026-08-28 15:29:53 [http-nio-9091-exec-10] INFO  c.o.server.controller.NodeController - [Heartbeat] updateDiskInfo成功 节点=3
2026-08-28 15:29:53 [http-nio-9091-exec-10] DEBUG c.o.server.controller.NodeController - 监控快照 节点=3 项目=1 进程=RUNNING 健康=UP PID=60 主机CPU=0.9% 进程CPU=0.0% 主机内存=27% 进程内存=4MB 堆=70/232MB 磁盘=1% 详情=Agent主动上报
2026-08-28 15:29:54 [http-nio-9091-exec-9] INFO  c.o.server.controller.NodeController - [Heartbeat] 节点=2 diskInfoJson=[{"mountPoint":"/","totalGB":1007,"usedGB":10,"fre
2026-08-28 15:29:54 [http-nio-9091-exec-9] INFO  c.o.server.controller.NodeController - [Heartbeat] updateDiskInfo成功 节点=2
2026-08-28 15:29:54 [http-nio-9091-exec-2] INFO  c.o.server.controller.NodeController - [Heartbeat] 节点=1 diskInfoJson=[{"mountPoint":"/","totalGB":1007,"usedGB":10,"fre
2026-08-28 15:29:54 [http-nio-9091-exec-2] INFO  c.o.server.controller.NodeController - [Heartbeat] updateDiskInfo成功 节点=1
2026-08-28 15:30:23 [pool-8-thread-1] INFO  c.o.s.m.s.MonitorCollectorScheduler - 监控采集已启动 taskId=898a367707014517
2026-08-28 15:30:53 [http-nio-9091-exec-1] INFO  c.o.server.controller.NodeController - [Heartbeat] 节点=3 diskInfoJson=[{"mountPoint":"/","totalGB":1007,"usedGB":10,"fre
2026-08-28 15:30:53 [http-nio-9091-exec-1] INFO  c.o.server.controller.NodeController - [Heartbeat] updateDiskInfo成功 节点=3
2026-08-28 15:30:53 [http-nio-9091-exec-1] DEBUG c.o.server.controller.NodeController - 监控快照 节点=3 项目=1 进程=RUNNING 健康=UP PID=60 主机CPU=1.2% 进程CPU=0.0% 主机内存=27% 进程内存=4MB 堆=70/232MB 磁盘=1% 详情=Agent主动上报
2026-08-28 15:30:54 [http-nio-9091-exec-4] INFO  c.o.server.controller.NodeController - [Heartbeat] 节点=2 diskInfoJson=[{"mountPoint":"/","totalGB":1007,"usedGB":10,"fre
2026-08-28 15:30:54 [http-nio-9091-exec-4] INFO  c.o.server.controller.NodeController - [Heartbeat] updateDiskInfo成功 节点=2
2026-08-28 15:30:54 [http-nio-9091-exec-5] INFO  c.o.server.controller.NodeController - [Heartbeat] 节点=1 diskInfoJson=[{"mountPoint":"/","totalGB":1007,"usedGB":10,"fre
2026-08-28 15:30:54 [http-nio-9091-exec-5] INFO  c.o.server.controller.NodeController - [Heartbeat] updateDiskInfo成功 节点=1
2026-08-28 15:31:23 [pool-8-thread-1] INFO  c.o.s.m.s.MonitorCollectorScheduler - 监控采集已启动 taskId=e7b1b211f28945df
2026-08-28 15:31:53 [http-nio-9091-exec-7] INFO  c.o.server.controller.NodeController - [Heartbeat] 节点=3 diskInfoJson=[{"mountPoint":"/","totalGB":1007,"usedGB":10,"fre
2026-08-28 15:31:53 [http-nio-9091-exec-7] INFO  c.o.server.controller.NodeController - [Heartbeat] updateDiskInfo成功 节点=3
2026-08-28 15:31:53 [http-nio-9091-exec-7] DEBUG c.o.server.controller.NodeController - 监控快照 节点=3 项目=1 进程=RUNNING 健康=UP PID=60 主机CPU=1.0% 进程CPU=0.0% 主机内存=27% 进程内存=4MB 堆=71/232MB 磁盘=1% 详情=Agent主动上报
2026-08-28 15:31:54 [http-nio-9091-exec-3] INFO  c.o.server.controller.NodeController - [Heartbeat] 节点=2 diskInfoJson=[{"mountPoint":"/","totalGB":1007,"usedGB":10,"fre
2026-08-28 15:31:54 [http-nio-9091-exec-3] INFO  c.o.server.controller.NodeController - [Heartbeat] updateDiskInfo成功 节点=2
2026-08-28 15:31:54 [http-nio-9091-exec-9] INFO  c.o.server.controller.NodeController - [Heartbeat] 节点=1 diskInfoJson=[{"mountPoint":"/","totalGB":1007,"usedGB":10,"fre
2026-08-28 15:31:54 [http-nio-9091-exec-9] INFO  c.o.server.controller.NodeController - [Heartbeat] updateDiskInfo成功 节点=1
2026-08-28 15:32:23 [pool-8-thread-1] INFO  c.o.s.m.s.MonitorCollectorScheduler - 监控采集已启动 taskId=726f28d59ff54587
2026-08-28 15:32:53 [http-nio-9091-exec-6] INFO  c.o.server.controller.NodeController - [Heartbeat] 节点=3 diskInfoJson=[{"mountPoint":"/","totalGB":1007,"usedGB":10,"fre
2026-08-28 15:32:53 [http-nio-9091-exec-6] INFO  c.o.server.controller.NodeController - [Heartbeat] updateDiskInfo成功 节点=3
2026-08-28 15:32:53 [http-nio-9091-exec-6] DEBUG c.o.server.controller.NodeController - 监控快照 节点=3 项目=1 进程=RUNNING 健康=UP PID=60 主机CPU=1.0% 进程CPU=0.0% 主机内存=27% 进程内存=4MB 堆=72/232MB 磁盘=1% 详情=Agent主动上报
2026-08-28 15:32:54 [http-nio-9091-exec-2] INFO  c.o.server.controller.NodeController - [Heartbeat] 节点=2 diskInfoJson=[{"mountPoint":"/","totalGB":1007,"usedGB":10,"fre
2026-08-28 15:32:54 [http-nio-9091-exec-2] INFO  c.o.server.controller.NodeController - [Heartbeat] updateDiskInfo成功 节点=2
2026-08-28 15:32:54 [http-nio-9091-exec-1] INFO  c.o.server.controller.NodeController - [Heartbeat] 节点=1 diskInfoJson=[{"mountPoint":"/","totalGB":1007,"usedGB":10,"fre
2026-08-28 15:32:54 [http-nio-9091-exec-1] INFO  c.o.server.controller.NodeController - [Heartbeat] updateDiskInfo成功 节点=1
2026-08-28 15:33:23 [pool-8-thread-1] INFO  c.o.s.m.s.MonitorCollectorScheduler - 监控采集已启动 taskId=7254543a1c85430b
2026-08-28 15:33:53 [http-nio-9091-exec-8] INFO  c.o.server.controller.NodeController - [Heartbeat] 节点=3 diskInfoJson=[{"mountPoint":"/","totalGB":1007,"usedGB":10,"fre
2026-08-28 15:33:53 [http-nio-9091-exec-8] INFO  c.o.server.controller.NodeController - [Heartbeat] updateDiskInfo成功 节点=3
2026-08-28 15:33:53 [http-nio-9091-exec-8] DEBUG c.o.server.controller.NodeController - 监控快照 节点=3 项目=1 进程=RUNNING 健康=UP PID=60 主机CPU=0.9% 进程CPU=0.0% 主机内存=28% 进程内存=4MB 堆=72/232MB 磁盘=1% 详情=Agent主动上报
2026-08-28 15:33:54 [http-nio-9091-exec-5] INFO  c.o.server.controller.NodeController - [Heartbeat] 节点=2 diskInfoJson=[{"mountPoint":"/","totalGB":1007,"usedGB":10,"fre
2026-08-28 15:33:54 [http-nio-9091-exec-5] INFO  c.o.server.controller.NodeController - [Heartbeat] updateDiskInfo成功 节点=2
2026-08-28 15:33:54 [http-nio-9091-exec-3] INFO  c.o.server.controller.NodeController - [Heartbeat] 节点=1 diskInfoJson=[{"mountPoint":"/","totalGB":1007,"usedGB":10,"fre
2026-08-28 15:33:54 [http-nio-9091-exec-3] INFO  c.o.server.controller.NodeController - [Heartbeat] updateDiskInfo成功 节点=1
2026-08-28 15:34:23 [pool-8-thread-1] INFO  c.o.s.m.s.MonitorCollectorScheduler - 监控采集已启动 taskId=1283e23136154403
2026-08-28 15:34:44 [http-nio-9091-exec-8] ERROR c.ops.server.arthas.ArthasAgentProxy - Arthas Agent 请求失败: url=http://127.0.0.1:2123/api/arthas/attach, body={pid=60, projectId=1, nodeId=3}, error=Agent 返回错误: attach 失败: Arthas HTTP API 就绪超时，请检查目标进程是否为 Java 进程
2026-08-28 15:34:44 [http-nio-9091-exec-8] ERROR c.o.s.arthas.ArthasDiagnoseService - Arthas 诊断会话启动失败: sessionId=20c1832a47df4e99, error=Agent 请求失败: Agent 返回错误: attach 失败: Arthas HTTP API 就绪超时，请检查目标进程是否为 Java 进程
2026-08-28 15:34:44 [http-nio-9091-exec-8] ERROR c.o.s.c.ArthasDiagnoseController - 启动诊断失败: projectId=1, nodeId=3, pid=60, error=attach 失败: Agent 请求失败: Agent 返回错误: attach 失败: Arthas HTTP API 就绪超时，请检查目标进程是否为 Java 进程
2026-08-28 15:34:53 [http-nio-9091-exec-10] INFO  c.o.server.controller.NodeController - [Heartbeat] 节点=3 diskInfoJson=[{"mountPoint":"/","totalGB":1007,"usedGB":10,"fre
2026-08-28 15:34:53 [http-nio-9091-exec-10] INFO  c.o.server.controller.NodeController - [Heartbeat] updateDiskInfo成功 节点=3
2026-08-28 15:34:53 [http-nio-9091-exec-10] DEBUG c.o.server.controller.NodeController - 监控快照 节点=3 项目=1 进程=RUNNING 健康=UP PID=60 主机CPU=1.2% 进程CPU=0.0% 主机内存=28% 进程内存=4MB 堆=73/232MB 磁盘=1% 详情=Agent主动上报
2026-08-28 15:34:54 [http-nio-9091-exec-2] INFO  c.o.server.controller.NodeController - [Heartbeat] 节点=2 diskInfoJson=[{"mountPoint":"/","totalGB":1007,"usedGB":10,"fre
2026-08-28 15:34:54 [http-nio-9091-exec-2] INFO  c.o.server.controller.NodeController - [Heartbeat] updateDiskInfo成功 节点=2
2026-08-28 15:34:54 [http-nio-9091-exec-6] INFO  c.o.server.controller.NodeController - [Heartbeat] 节点=1 diskInfoJson=[{"mountPoint":"/","totalGB":1007,"usedGB":10,"fre
2026-08-28 15:34:54 [http-nio-9091-exec-6] INFO  c.o.server.controller.NodeController - [Heartbeat] updateDiskInfo成功 节点=1
2026-08-28 15:35:23 [pool-8-thread-1] INFO  c.o.s.m.s.MonitorCollectorScheduler - 监控采集已启动 taskId=54b6573e93454e13
2026-08-28 15:35:32 [http-nio-9091-exec-4] DEBUG o.s.w.s.s.s.WebSocketHandlerMapping - Mapped to org.springframework.web.socket.server.support.WebSocketHttpRequestHandler@37091312
2026-08-28 15:35:32 [http-nio-9091-exec-4] DEBUG o.s.w.s.s.s.WebSocketHttpRequestHandler - GET /api/ws/notification
2026-08-28 15:35:32 [http-nio-9091-exec-4] DEBUG c.o.s.i.WebSocketAuthInterceptor - WebSocket authenticated successfully for user: admin
2026-08-28 15:35:32 [http-nio-9091-exec-4] DEBUG o.s.w.s.h.LoggingWebSocketHandlerDecorator - New StandardWebSocketSession[id=fc681dec-e241-26f6-b58a-348acf9e313b, uri=ws://127.0.0.1:9091/api/ws/notification?token=%2FkAHWeMD%2BmIzJSK2cqy7RSxguXgGkZeoLhwBBu%2FupfQ%3D-1787901080284]
2026-08-28 15:35:32 [http-nio-9091-exec-4] INFO  c.o.s.s.w.NotificationHandler - Notification WS connected: userId=1
2026-08-28 15:35:32 [http-nio-9091-exec-2] DEBUG o.s.w.s.s.s.WebSocketHandlerMapping - Mapped to org.springframework.web.socket.server.support.WebSocketHttpRequestHandler@604c5de8
2026-08-28 15:35:32 [http-nio-9091-exec-2] DEBUG o.s.w.s.s.s.WebSocketHttpRequestHandler - GET /api/ws/monitor
2026-08-28 15:35:32 [http-nio-9091-exec-2] DEBUG c.o.s.i.WebSocketAuthInterceptor - WebSocket authenticated successfully for user: admin
2026-08-28 15:35:32 [http-nio-9091-exec-2] DEBUG o.s.w.s.h.LoggingWebSocketHandlerDecorator - New StandardWebSocketSession[id=bba71d40-d7c3-419d-9053-89e838b43f38, uri=ws://127.0.0.1:9091/api/ws/monitor?token=%2FkAHWeMD%2BmIzJSK2cqy7RSxguXgGkZeoLhwBBu%2FupfQ%3D-1787901080284]
2026-08-28 15:35:32 [http-nio-9091-exec-2] INFO  c.o.server.websocket.MonitorHandler - Monitor WebSocket connected: bba71d40-d7c3-419d-9053-89e838b43f38
2026-08-28 15:35:40 [http-nio-9091-exec-7] ERROR c.ops.server.arthas.ArthasAgentProxy - Arthas Agent 请求失败: url=http://127.0.0.1:2123/api/arthas/attach, body={pid=60, projectId=1, nodeId=3}, error=Agent 返回错误: attach 失败: Arthas HTTP API 就绪超时，请检查目标进程是否为 Java 进程
2026-08-28 15:35:40 [http-nio-9091-exec-7] ERROR c.o.s.arthas.ArthasDiagnoseService - Arthas 诊断会话启动失败: sessionId=af6b841787714161, error=Agent 请求失败: Agent 返回错误: attach 失败: Arthas HTTP API 就绪超时，请检查目标进程是否为 Java 进程
2026-08-28 15:35:40 [http-nio-9091-exec-7] ERROR c.o.s.c.ArthasDiagnoseController - 启动诊断失败: projectId=1, nodeId=3, pid=60, error=attach 失败: Agent 请求失败: Agent 返回错误: attach 失败: Arthas HTTP API 就绪超时，请检查目标进程是否为 Java 进程
2026-08-28 15:35:42 [http-nio-9091-exec-6] INFO  c.o.s.arthas.ArthasDiagnoseService - Arthas 诊断会话启动成功: sessionId=a3eae390ee9a48b0, projectId=1, nodeId=3, pid=66
2026-08-28 15:35:53 [http-nio-9091-exec-3] INFO  c.o.server.controller.NodeController - [Heartbeat] 节点=3 diskInfoJson=[{"mountPoint":"/","totalGB":1007,"usedGB":10,"fre
2026-08-28 15:35:53 [http-nio-9091-exec-3] INFO  c.o.server.controller.NodeController - [Heartbeat] updateDiskInfo成功 节点=3
2026-08-28 15:35:53 [http-nio-9091-exec-3] DEBUG c.o.server.controller.NodeController - 监控快照 节点=3 项目=1 进程=RUNNING 健康=UP PID=60 主机CPU=2.3% 进程CPU=0.0% 主机内存=28% 进程内存=4MB 堆=74/232MB 磁盘=1% 详情=Agent主动上报
2026-08-28 15:35:54 [http-nio-9091-exec-1] INFO  c.o.server.controller.NodeController - [Heartbeat] 节点=2 diskInfoJson=[{"mountPoint":"/","totalGB":1007,"usedGB":10,"fre
2026-08-28 15:35:54 [http-nio-9091-exec-1] INFO  c.o.server.controller.NodeController - [Heartbeat] updateDiskInfo成功 节点=2
2026-08-28 15:35:54 [http-nio-9091-exec-8] INFO  c.o.server.controller.NodeController - [Heartbeat] 节点=1 diskInfoJson=[{"mountPoint":"/","totalGB":1007,"usedGB":10,"fre
2026-08-28 15:35:54 [http-nio-9091-exec-8] INFO  c.o.server.controller.NodeController - [Heartbeat] updateDiskInfo成功 节点=1
2026-08-28 15:36:21 [http-nio-9091-exec-3] DEBUG o.s.w.s.h.LoggingWebSocketHandlerDecorator - Transport error in StandardWebSocketSession[id=e8c4719a-0d03-9955-b494-d819c1aa6cc6, uri=ws://127.0.0.1:9091/api/ws/monitor?token=%2FkAHWeMD%2BmIzJSK2cqy7RSxguXgGkZeoLhwBBu%2FupfQ%3D-1787901080284]
java.io.IOException: 远程主机强迫关闭了一个现有的连接。
	at sun.nio.ch.SocketDispatcher.read0(Native Method)
	at sun.nio.ch.SocketDispatcher.read(SocketDispatcher.java:43)
	at sun.nio.ch.IOUtil.readIntoNativeBuffer(IOUtil.java:223)
	at sun.nio.ch.IOUtil.read(IOUtil.java:197)
	at sun.nio.ch.SocketChannelImpl.read(SocketChannelImpl.java:380)
	at org.apache.tomcat.util.net.NioChannel.read(NioChannel.java:161)
	at org.apache.tomcat.util.net.NioEndpoint$NioSocketWrapper.fillReadBuffer(NioEndpoint.java:1344)
	at org.apache.tomcat.util.net.NioEndpoint$NioSocketWrapper.read(NioEndpoint.java:1234)
	at org.apache.tomcat.websocket.server.WsFrameServer.onDataAvailable(WsFrameServer.java:74)
	at org.apache.tomcat.websocket.server.WsFrameServer.doOnDataAvailable(WsFrameServer.java:184)
	at org.apache.tomcat.websocket.server.WsFrameServer.notifyDataAvailable(WsFrameServer.java:164)
	at org.apache.tomcat.websocket.server.WsHttpUpgradeHandler.upgradeDispatch(WsHttpUpgradeHandler.java:152)
	at org.apache.coyote.http11.upgrade.UpgradeProcessorInternal.dispatch(UpgradeProcessorInternal.java:60)
	at org.apache.coyote.AbstractProcessorLight.process(AbstractProcessorLight.java:57)
	at org.apache.coyote.AbstractProtocol$ConnectionHandler.process(AbstractProtocol.java:928)
	at org.apache.tomcat.util.net.NioEndpoint$SocketProcessor.doRun(NioEndpoint.java:1794)
	at org.apache.tomcat.util.net.SocketProcessorBase.run(SocketProcessorBase.java:52)
	at org.apache.tomcat.util.threads.ThreadPoolExecutor.runWorker(ThreadPoolExecutor.java:1191)
	at org.apache.tomcat.util.threads.ThreadPoolExecutor$Worker.run(ThreadPoolExecutor.java:659)
	at org.apache.tomcat.util.threads.TaskThread$WrappingRunnable.run(TaskThread.java:61)
	at java.lang.Thread.run(Thread.java:748)
2026-08-28 15:36:21 [http-nio-9091-exec-5] DEBUG o.s.w.s.h.LoggingWebSocketHandlerDecorator - Transport error in StandardWebSocketSession[id=fc681dec-e241-26f6-b58a-348acf9e313b, uri=ws://127.0.0.1:9091/api/ws/notification?token=%2FkAHWeMD%2BmIzJSK2cqy7RSxguXgGkZeoLhwBBu%2FupfQ%3D-1787901080284]
java.io.IOException: 远程主机强迫关闭了一个现有的连接。
	at sun.nio.ch.SocketDispatcher.read0(Native Method)
	at sun.nio.ch.SocketDispatcher.read(SocketDispatcher.java:43)
	at sun.nio.ch.IOUtil.readIntoNativeBuffer(IOUtil.java:223)
	at sun.nio.ch.IOUtil.read(IOUtil.java:197)
	at sun.nio.ch.SocketChannelImpl.read(SocketChannelImpl.java:380)
	at org.apache.tomcat.util.net.NioChannel.read(NioChannel.java:161)
	at org.apache.tomcat.util.net.NioEndpoint$NioSocketWrapper.fillReadBuffer(NioEndpoint.java:1344)
	at org.apache.tomcat.util.net.NioEndpoint$NioSocketWrapper.read(NioEndpoint.java:1234)
	at org.apache.tomcat.websocket.server.WsFrameServer.onDataAvailable(WsFrameServer.java:74)
	at org.apache.tomcat.websocket.server.WsFrameServer.doOnDataAvailable(WsFrameServer.java:184)
	at org.apache.tomcat.websocket.server.WsFrameServer.notifyDataAvailable(WsFrameServer.java:164)
	at org.apache.tomcat.websocket.server.WsHttpUpgradeHandler.upgradeDispatch(WsHttpUpgradeHandler.java:152)
	at org.apache.coyote.http11.upgrade.UpgradeProcessorInternal.dispatch(UpgradeProcessorInternal.java:60)
	at org.apache.coyote.AbstractProcessorLight.process(AbstractProcessorLight.java:57)
	at org.apache.coyote.AbstractProtocol$ConnectionHandler.process(AbstractProtocol.java:928)
	at org.apache.tomcat.util.net.NioEndpoint$SocketProcessor.doRun(NioEndpoint.java:1794)
	at org.apache.tomcat.util.net.SocketProcessorBase.run(SocketProcessorBase.java:52)
	at org.apache.tomcat.util.threads.ThreadPoolExecutor.runWorker(ThreadPoolExecutor.java:1191)
	at org.apache.tomcat.util.threads.ThreadPoolExecutor$Worker.run(ThreadPoolExecutor.java:659)
	at org.apache.tomcat.util.threads.TaskThread$WrappingRunnable.run(TaskThread.java:61)
	at java.lang.Thread.run(Thread.java:748)
2026-08-28 15:36:21 [http-nio-9091-exec-4] DEBUG o.s.w.s.h.LoggingWebSocketHandlerDecorator - Transport error in StandardWebSocketSession[id=df0f1aa5-cfdb-9bd2-3648-bfcccb1e28ee, uri=ws://127.0.0.1:9091/api/ws/notification?token=%2FkAHWeMD%2BmIzJSK2cqy7RSxguXgGkZeoLhwBBu%2FupfQ%3D-1787901080284]
java.io.IOException: 远程主机强迫关闭了一个现有的连接。
	at sun.nio.ch.SocketDispatcher.read0(Native Method)
	at sun.nio.ch.SocketDispatcher.read(SocketDispatcher.java:43)
	at sun.nio.ch.IOUtil.readIntoNativeBuffer(IOUtil.java:223)
	at sun.nio.ch.IOUtil.read(IOUtil.java:197)
	at sun.nio.ch.SocketChannelImpl.read(SocketChannelImpl.java:380)
	at org.apache.tomcat.util.net.NioChannel.read(NioChannel.java:161)
	at org.apache.tomcat.util.net.NioEndpoint$NioSocketWrapper.fillReadBuffer(NioEndpoint.java:1344)
	at org.apache.tomcat.util.net.NioEndpoint$NioSocketWrapper.read(NioEndpoint.java:1234)
	at org.apache.tomcat.websocket.server.WsFrameServer.onDataAvailable(WsFrameServer.java:74)
	at org.apache.tomcat.websocket.server.WsFrameServer.doOnDataAvailable(WsFrameServer.java:184)
	at org.apache.tomcat.websocket.server.WsFrameServer.notifyDataAvailable(WsFrameServer.java:164)
	at org.apache.tomcat.websocket.server.WsHttpUpgradeHandler.upgradeDispatch(WsHttpUpgradeHandler.java:152)
	at org.apache.coyote.http11.upgrade.UpgradeProcessorInternal.dispatch(UpgradeProcessorInternal.java:60)
	at org.apache.coyote.AbstractProcessorLight.process(AbstractProcessorLight.java:57)
	at org.apache.coyote.AbstractProtocol$ConnectionHandler.process(AbstractProtocol.java:928)
	at org.apache.tomcat.util.net.NioEndpoint$SocketProcessor.doRun(NioEndpoint.java:1794)
	at org.apache.tomcat.util.net.SocketProcessorBase.run(SocketProcessorBase.java:52)
	at org.apache.tomcat.util.threads.ThreadPoolExecutor.runWorker(ThreadPoolExecutor.java:1191)
	at org.apache.tomcat.util.threads.ThreadPoolExecutor$Worker.run(ThreadPoolExecutor.java:659)
	at org.apache.tomcat.util.threads.TaskThread$WrappingRunnable.run(TaskThread.java:61)
	at java.lang.Thread.run(Thread.java:748)
2026-08-28 15:36:21 [http-nio-9091-exec-1] DEBUG o.s.w.s.h.LoggingWebSocketHandlerDecorator - Transport error in StandardWebSocketSession[id=bba71d40-d7c3-419d-9053-89e838b43f38, uri=ws://127.0.0.1:9091/api/ws/monitor?token=%2FkAHWeMD%2BmIzJSK2cqy7RSxguXgGkZeoLhwBBu%2FupfQ%3D-1787901080284]
java.io.IOException: 远程主机强迫关闭了一个现有的连接。
	at sun.nio.ch.SocketDispatcher.read0(Native Method)
	at sun.nio.ch.SocketDispatcher.read(SocketDispatcher.java:43)
	at sun.nio.ch.IOUtil.readIntoNativeBuffer(IOUtil.java:223)
	at sun.nio.ch.IOUtil.read(IOUtil.java:197)
	at sun.nio.ch.SocketChannelImpl.read(SocketChannelImpl.java:380)
	at org.apache.tomcat.util.net.NioChannel.read(NioChannel.java:161)
	at org.apache.tomcat.util.net.NioEndpoint$NioSocketWrapper.fillReadBuffer(NioEndpoint.java:1344)
	at org.apache.tomcat.util.net.NioEndpoint$NioSocketWrapper.read(NioEndpoint.java:1234)
	at org.apache.tomcat.websocket.server.WsFrameServer.onDataAvailable(WsFrameServer.java:74)
	at org.apache.tomcat.websocket.server.WsFrameServer.doOnDataAvailable(WsFrameServer.java:184)
	at org.apache.tomcat.websocket.server.WsFrameServer.notifyDataAvailable(WsFrameServer.java:164)
	at org.apache.tomcat.websocket.server.WsHttpUpgradeHandler.upgradeDispatch(WsHttpUpgradeHandler.java:152)
	at org.apache.coyote.http11.upgrade.UpgradeProcessorInternal.dispatch(UpgradeProcessorInternal.java:60)
	at org.apache.coyote.AbstractProcessorLight.process(AbstractProcessorLight.java:57)
	at org.apache.coyote.AbstractProtocol$ConnectionHandler.process(AbstractProtocol.java:928)
	at org.apache.tomcat.util.net.NioEndpoint$SocketProcessor.doRun(NioEndpoint.java:1794)
	at org.apache.tomcat.util.net.SocketProcessorBase.run(SocketProcessorBase.java:52)
	at org.apache.tomcat.util.threads.ThreadPoolExecutor.runWorker(ThreadPoolExecutor.java:1191)
	at org.apache.tomcat.util.threads.ThreadPoolExecutor$Worker.run(ThreadPoolExecutor.java:659)
	at org.apache.tomcat.util.threads.TaskThread$WrappingRunnable.run(TaskThread.java:61)
	at java.lang.Thread.run(Thread.java:748)
2026-08-28 15:36:21 [http-nio-9091-exec-3] ERROR c.o.server.websocket.MonitorHandler - Monitor WebSocket transport error: e8c4719a-0d03-9955-b494-d819c1aa6cc6
java.io.IOException: 远程主机强迫关闭了一个现有的连接。
	at sun.nio.ch.SocketDispatcher.read0(Native Method)
	at sun.nio.ch.SocketDispatcher.read(SocketDispatcher.java:43)
	at sun.nio.ch.IOUtil.readIntoNativeBuffer(IOUtil.java:223)
	at sun.nio.ch.IOUtil.read(IOUtil.java:197)
	at sun.nio.ch.SocketChannelImpl.read(SocketChannelImpl.java:380)
	at org.apache.tomcat.util.net.NioChannel.read(NioChannel.java:161)
	at org.apache.tomcat.util.net.NioEndpoint$NioSocketWrapper.fillReadBuffer(NioEndpoint.java:1344)
	at org.apache.tomcat.util.net.NioEndpoint$NioSocketWrapper.read(NioEndpoint.java:1234)
	at org.apache.tomcat.websocket.server.WsFrameServer.onDataAvailable(WsFrameServer.java:74)
	at org.apache.tomcat.websocket.server.WsFrameServer.doOnDataAvailable(WsFrameServer.java:184)
	at org.apache.tomcat.websocket.server.WsFrameServer.notifyDataAvailable(WsFrameServer.java:164)
	at org.apache.tomcat.websocket.server.WsHttpUpgradeHandler.upgradeDispatch(WsHttpUpgradeHandler.java:152)
	at org.apache.coyote.http11.upgrade.UpgradeProcessorInternal.dispatch(UpgradeProcessorInternal.java:60)
	at org.apache.coyote.AbstractProcessorLight.process(AbstractProcessorLight.java:57)
	at org.apache.coyote.AbstractProtocol$ConnectionHandler.process(AbstractProtocol.java:928)
	at org.apache.tomcat.util.net.NioEndpoint$SocketProcessor.doRun(NioEndpoint.java:1794)
	at org.apache.tomcat.util.net.SocketProcessorBase.run(SocketProcessorBase.java:52)
	at org.apache.tomcat.util.threads.ThreadPoolExecutor.runWorker(ThreadPoolExecutor.java:1191)
	at org.apache.tomcat.util.threads.ThreadPoolExecutor$Worker.run(ThreadPoolExecutor.java:659)
	at org.apache.tomcat.util.threads.TaskThread$WrappingRunnable.run(TaskThread.java:61)
	at java.lang.Thread.run(Thread.java:748)
2026-08-28 15:36:21 [http-nio-9091-exec-1] ERROR c.o.server.websocket.MonitorHandler - Monitor WebSocket transport error: bba71d40-d7c3-419d-9053-89e838b43f38
java.io.IOException: 远程主机强迫关闭了一个现有的连接。
	at sun.nio.ch.SocketDispatcher.read0(Native Method)
	at sun.nio.ch.SocketDispatcher.read(SocketDispatcher.java:43)
	at sun.nio.ch.IOUtil.readIntoNativeBuffer(IOUtil.java:223)
	at sun.nio.ch.IOUtil.read(IOUtil.java:197)
	at sun.nio.ch.SocketChannelImpl.read(SocketChannelImpl.java:380)
	at org.apache.tomcat.util.net.NioChannel.read(NioChannel.java:161)
	at org.apache.tomcat.util.net.NioEndpoint$NioSocketWrapper.fillReadBuffer(NioEndpoint.java:1344)
	at org.apache.tomcat.util.net.NioEndpoint$NioSocketWrapper.read(NioEndpoint.java:1234)
	at org.apache.tomcat.websocket.server.WsFrameServer.onDataAvailable(WsFrameServer.java:74)
	at org.apache.tomcat.websocket.server.WsFrameServer.doOnDataAvailable(WsFrameServer.java:184)
	at org.apache.tomcat.websocket.server.WsFrameServer.notifyDataAvailable(WsFrameServer.java:164)
	at org.apache.tomcat.websocket.server.WsHttpUpgradeHandler.upgradeDispatch(WsHttpUpgradeHandler.java:152)
	at org.apache.coyote.http11.upgrade.UpgradeProcessorInternal.dispatch(UpgradeProcessorInternal.java:60)
	at org.apache.coyote.AbstractProcessorLight.process(AbstractProcessorLight.java:57)
	at org.apache.coyote.AbstractProtocol$ConnectionHandler.process(AbstractProtocol.java:928)
	at org.apache.tomcat.util.net.NioEndpoint$SocketProcessor.doRun(NioEndpoint.java:1794)
	at org.apache.tomcat.util.net.SocketProcessorBase.run(SocketProcessorBase.java:52)
	at org.apache.tomcat.util.threads.ThreadPoolExecutor.runWorker(ThreadPoolExecutor.java:1191)
	at org.apache.tomcat.util.threads.ThreadPoolExecutor$Worker.run(ThreadPoolExecutor.java:659)
	at org.apache.tomcat.util.threads.TaskThread$WrappingRunnable.run(TaskThread.java:61)
	at java.lang.Thread.run(Thread.java:748)
2026-08-28 15:36:21 [http-nio-9091-exec-3] INFO  c.o.server.websocket.MonitorHandler - Monitor WebSocket closed: e8c4719a-0d03-9955-b494-d819c1aa6cc6
2026-08-28 15:36:21 [http-nio-9091-exec-1] INFO  c.o.server.websocket.MonitorHandler - Monitor WebSocket closed: bba71d40-d7c3-419d-9053-89e838b43f38
2026-08-28 15:36:21 [http-nio-9091-exec-1] DEBUG o.s.w.s.h.LoggingWebSocketHandlerDecorator - StandardWebSocketSession[id=bba71d40-d7c3-419d-9053-89e838b43f38, uri=ws://127.0.0.1:9091/api/ws/monitor?token=%2FkAHWeMD%2BmIzJSK2cqy7RSxguXgGkZeoLhwBBu%2FupfQ%3D-1787901080284] closed with CloseStatus[code=1006, reason=远程主机强迫关闭了一个现有的连接。]
2026-08-28 15:36:21 [http-nio-9091-exec-1] INFO  c.o.server.websocket.MonitorHandler - Monitor WebSocket closed: bba71d40-d7c3-419d-9053-89e838b43f38
2026-08-28 15:36:21 [http-nio-9091-exec-3] DEBUG o.s.w.s.h.LoggingWebSocketHandlerDecorator - StandardWebSocketSession[id=e8c4719a-0d03-9955-b494-d819c1aa6cc6, uri=ws://127.0.0.1:9091/api/ws/monitor?token=%2FkAHWeMD%2BmIzJSK2cqy7RSxguXgGkZeoLhwBBu%2FupfQ%3D-1787901080284] closed with CloseStatus[code=1006, reason=远程主机强迫关闭了一个现有的连接。]
2026-08-28 15:36:21 [http-nio-9091-exec-5] DEBUG o.s.w.s.h.LoggingWebSocketHandlerDecorator - StandardWebSocketSession[id=fc681dec-e241-26f6-b58a-348acf9e313b, uri=ws://127.0.0.1:9091/api/ws/notification?token=%2FkAHWeMD%2BmIzJSK2cqy7RSxguXgGkZeoLhwBBu%2FupfQ%3D-1787901080284] closed with CloseStatus[code=1006, reason=远程主机强迫关闭了一个现有的连接。]
2026-08-28 15:36:21 [http-nio-9091-exec-3] INFO  c.o.server.websocket.MonitorHandler - Monitor WebSocket closed: e8c4719a-0d03-9955-b494-d819c1aa6cc6
2026-08-28 15:36:21 [http-nio-9091-exec-4] DEBUG o.s.w.s.h.LoggingWebSocketHandlerDecorator - StandardWebSocketSession[id=df0f1aa5-cfdb-9bd2-3648-bfcccb1e28ee, uri=ws://127.0.0.1:9091/api/ws/notification?token=%2FkAHWeMD%2BmIzJSK2cqy7RSxguXgGkZeoLhwBBu%2FupfQ%3D-1787901080284] closed with CloseStatus[code=1006, reason=远程主机强迫关闭了一个现有的连接。]
2026-08-28 15:36:21 [http-nio-9091-exec-5] INFO  c.o.s.s.w.NotificationHandler - Notification WS closed: fc681dec-e241-26f6-b58a-348acf9e313b
2026-08-28 15:36:21 [http-nio-9091-exec-4] INFO  c.o.s.s.w.NotificationHandler - Notification WS closed: df0f1aa5-cfdb-9bd2-3648-bfcccb1e28ee
2026-08-28 15:36:23 [pool-8-thread-1] INFO  c.o.s.m.s.MonitorCollectorScheduler - 监控采集已启动 taskId=d49d9702d4d946dd
2026-08-28 15:36:53 [http-nio-9091-exec-2] INFO  c.o.server.controller.NodeController - [Heartbeat] 节点=3 diskInfoJson=[{"mountPoint":"/","totalGB":1007,"usedGB":10,"fre
2026-08-28 15:36:53 [http-nio-9091-exec-2] INFO  c.o.server.controller.NodeController - [Heartbeat] updateDiskInfo成功 节点=3
2026-08-28 15:36:53 [http-nio-9091-exec-2] DEBUG c.o.server.controller.NodeController - 监控快照 节点=3 项目=1 进程=RUNNING 健康=UP PID=60 主机CPU=1.0% 进程CPU=0.0% 主机内存=28% 进程内存=4MB 堆=131/268MB 磁盘=1% 详情=Agent主动上报
2026-08-28 15:36:54 [http-nio-9091-exec-7] INFO  c.o.server.controller.NodeController - [Heartbeat] 节点=2 diskInfoJson=[{"mountPoint":"/","totalGB":1007,"usedGB":10,"fre
2026-08-28 15:36:54 [http-nio-9091-exec-7] INFO  c.o.server.controller.NodeController - [Heartbeat] updateDiskInfo成功 节点=2
2026-08-28 15:36:54 [http-nio-9091-exec-6] INFO  c.o.server.controller.NodeController - [Heartbeat] 节点=1 diskInfoJson=[{"mountPoint":"/","totalGB":1007,"usedGB":10,"fre
2026-08-28 15:36:54 [http-nio-9091-exec-6] INFO  c.o.server.controller.NodeController - [Heartbeat] updateDiskInfo成功 节点=1
2026-08-28 15:37:23 [pool-8-thread-1] INFO  c.o.s.m.s.MonitorCollectorScheduler - 监控采集已启动 taskId=431578deced04787
2026-08-28 15:37:53 [http-nio-9091-exec-10] INFO  c.o.server.controller.NodeController - [Heartbeat] 节点=3 diskInfoJson=[{"mountPoint":"/","totalGB":1007,"usedGB":10,"fre
2026-08-28 15:37:53 [http-nio-9091-exec-10] INFO  c.o.server.controller.NodeController - [Heartbeat] updateDiskInfo成功 节点=3
2026-08-28 15:37:53 [http-nio-9091-exec-10] DEBUG c.o.server.controller.NodeController - 监控快照 节点=3 项目=1 进程=RUNNING 健康=UP PID=60 主机CPU=0.8% 进程CPU=0.0% 主机内存=28% 进程内存=4MB 堆=133/268MB 磁盘=1% 详情=Agent主动上报
2026-08-28 15:37:54 [http-nio-9091-exec-2] INFO  c.o.server.controller.NodeController - [Heartbeat] 节点=2 diskInfoJson=[{"mountPoint":"/","totalGB":1007,"usedGB":10,"fre
2026-08-28 15:37:54 [http-nio-9091-exec-2] INFO  c.o.server.controller.NodeController - [Heartbeat] updateDiskInfo成功 节点=2
2026-08-28 15:37:54 [http-nio-9091-exec-7] INFO  c.o.server.controller.NodeController - [Heartbeat] 节点=1 diskInfoJson=[{"mountPoint":"/","totalGB":1007,"usedGB":10,"fre
2026-08-28 15:37:54 [http-nio-9091-exec-7] INFO  c.o.server.controller.NodeController - [Heartbeat] updateDiskInfo成功 节点=1
2026-08-28 15:38:23 [pool-8-thread-1] INFO  c.o.s.m.s.MonitorCollectorScheduler - 监控采集已启动 taskId=10e11b4f2dd34212
2026-08-28 15:38:53 [http-nio-9091-exec-9] INFO  c.o.server.controller.NodeController - [Heartbeat] 节点=3 diskInfoJson=[{"mountPoint":"/","totalGB":1007,"usedGB":10,"fre
2026-08-28 15:38:53 [http-nio-9091-exec-9] INFO  c.o.server.controller.NodeController - [Heartbeat] updateDiskInfo成功 节点=3
2026-08-28 15:38:53 [http-nio-9091-exec-9] DEBUG c.o.server.controller.NodeController - 监控快照 节点=3 项目=1 进程=RUNNING 健康=UP PID=60 主机CPU=0.8% 进程CPU=0.0% 主机内存=28% 进程内存=4MB 堆=135/268MB 磁盘=1% 详情=Agent主动上报
2026-08-28 15:38:54 [http-nio-9091-exec-10] INFO  c.o.server.controller.NodeController - [Heartbeat] 节点=2 diskInfoJson=[{"mountPoint":"/","totalGB":1007,"usedGB":10,"fre
2026-08-28 15:38:54 [http-nio-9091-exec-10] INFO  c.o.server.controller.NodeController - [Heartbeat] updateDiskInfo成功 节点=2
2026-08-28 15:38:54 [http-nio-9091-exec-2] INFO  c.o.server.controller.NodeController - [Heartbeat] 节点=1 diskInfoJson=[{"mountPoint":"/","totalGB":1007,"usedGB":10,"fre
2026-08-28 15:38:54 [http-nio-9091-exec-2] INFO  c.o.server.controller.NodeController - [Heartbeat] updateDiskInfo成功 节点=1
2026-08-28 15:39:23 [pool-8-thread-1] INFO  c.o.s.m.s.MonitorCollectorScheduler - 监控采集已启动 taskId=1cfe5e4ea20841de
2026-08-28 15:39:53 [http-nio-9091-exec-8] INFO  c.o.server.controller.NodeController - [Heartbeat] 节点=3 diskInfoJson=[{"mountPoint":"/","totalGB":1007,"usedGB":10,"fre
2026-08-28 15:39:53 [http-nio-9091-exec-8] INFO  c.o.server.controller.NodeController - [Heartbeat] updateDiskInfo成功 节点=3
2026-08-28 15:39:53 [http-nio-9091-exec-8] DEBUG c.o.server.controller.NodeController - 监控快照 节点=3 项目=1 进程=RUNNING 健康=UP PID=60 主机CPU=0.8% 进程CPU=0.0% 主机内存=28% 进程内存=4MB 堆=136/268MB 磁盘=1% 详情=Agent主动上报
2026-08-28 15:39:54 [http-nio-9091-exec-9] INFO  c.o.server.controller.NodeController - [Heartbeat] 节点=2 diskInfoJson=[{"mountPoint":"/","totalGB":1007,"usedGB":10,"fre
2026-08-28 15:39:54 [http-nio-9091-exec-9] INFO  c.o.server.controller.NodeController - [Heartbeat] updateDiskInfo成功 节点=2
2026-08-28 15:39:54 [http-nio-9091-exec-10] INFO  c.o.server.controller.NodeController - [Heartbeat] 节点=1 diskInfoJson=[{"mountPoint":"/","totalGB":1007,"usedGB":10,"fre
2026-08-28 15:39:54 [http-nio-9091-exec-10] INFO  c.o.server.controller.NodeController - [Heartbeat] updateDiskInfo成功 节点=1
2026-08-28 15:40:23 [pool-8-thread-1] INFO  c.o.s.m.s.MonitorCollectorScheduler - 监控采集已启动 taskId=87a57210ebe84223
2026-08-28 15:40:53 [http-nio-9091-exec-4] INFO  c.o.server.controller.NodeController - [Heartbeat] 节点=3 diskInfoJson=[{"mountPoint":"/","totalGB":1007,"usedGB":10,"fre
2026-08-28 15:40:53 [http-nio-9091-exec-4] INFO  c.o.server.controller.NodeController - [Heartbeat] updateDiskInfo成功 节点=3
2026-08-28 15:40:53 [http-nio-9091-exec-4] DEBUG c.o.server.controller.NodeController - 监控快照 节点=3 项目=1 进程=RUNNING 健康=UP PID=60 主机CPU=0.8% 进程CPU=0.0% 主机内存=28% 进程内存=4MB 堆=138/268MB 磁盘=1% 详情=Agent主动上报
2026-08-28 15:40:54 [http-nio-9091-exec-8] INFO  c.o.server.controller.NodeController - [Heartbeat] 节点=2 diskInfoJson=[{"mountPoint":"/","totalGB":1007,"usedGB":10,"fre
2026-08-28 15:40:54 [http-nio-9091-exec-8] INFO  c.o.server.controller.NodeController - [Heartbeat] updateDiskInfo成功 节点=2
2026-08-28 15:40:54 [http-nio-9091-exec-9] INFO  c.o.server.controller.NodeController - [Heartbeat] 节点=1 diskInfoJson=[{"mountPoint":"/","totalGB":1007,"usedGB":10,"fre
2026-08-28 15:40:54 [http-nio-9091-exec-9] INFO  c.o.server.controller.NodeController - [Heartbeat] updateDiskInfo成功 节点=1
2026-08-28 15:41:23 [pool-8-thread-1] INFO  c.o.s.m.s.MonitorCollectorScheduler - 监控采集已启动 taskId=d997dd6e2c624036
2026-08-28 15:41:53 [http-nio-9091-exec-5] INFO  c.o.server.controller.NodeController - [Heartbeat] 节点=3 diskInfoJson=[{"mountPoint":"/","totalGB":1007,"usedGB":10,"fre
2026-08-28 15:41:53 [http-nio-9091-exec-5] INFO  c.o.server.controller.NodeController - [Heartbeat] updateDiskInfo成功 节点=3
2026-08-28 15:41:53 [http-nio-9091-exec-5] DEBUG c.o.server.controller.NodeController - 监控快照 节点=3 项目=1 进程=RUNNING 健康=UP PID=60 主机CPU=0.8% 进程CPU=0.0% 主机内存=28% 进程内存=4MB 堆=139/268MB 磁盘=1% 详情=Agent主动上报
2026-08-28 15:41:54 [http-nio-9091-exec-4] INFO  c.o.server.controller.NodeController - [Heartbeat] 节点=2 diskInfoJson=[{"mountPoint":"/","totalGB":1007,"usedGB":10,"fre
2026-08-28 15:41:54 [http-nio-9091-exec-4] INFO  c.o.server.controller.NodeController - [Heartbeat] updateDiskInfo成功 节点=2
2026-08-28 15:41:54 [http-nio-9091-exec-8] INFO  c.o.server.controller.NodeController - [Heartbeat] 节点=1 diskInfoJson=[{"mountPoint":"/","totalGB":1007,"usedGB":10,"fre
2026-08-28 15:41:54 [http-nio-9091-exec-8] INFO  c.o.server.controller.NodeController - [Heartbeat] updateDiskInfo成功 节点=1
2026-08-28 15:42:23 [pool-8-thread-1] INFO  c.o.s.m.s.MonitorCollectorScheduler - 监控采集已启动 taskId=423c0d0931b54385
2026-08-28 15:42:53 [http-nio-9091-exec-3] INFO  c.o.server.controller.NodeController - [Heartbeat] 节点=3 diskInfoJson=[{"mountPoint":"/","totalGB":1007,"usedGB":10,"fre
2026-08-28 15:42:53 [http-nio-9091-exec-3] INFO  c.o.server.controller.NodeController - [Heartbeat] updateDiskInfo成功 节点=3
2026-08-28 15:42:53 [http-nio-9091-exec-3] DEBUG c.o.server.controller.NodeController - 监控快照 节点=3 项目=1 进程=RUNNING 健康=UP PID=60 主机CPU=0.9% 进程CPU=0.0% 主机内存=28% 进程内存=4MB 堆=139/268MB 磁盘=1% 详情=Agent主动上报
2026-08-28 15:42:54 [http-nio-9091-exec-5] INFO  c.o.server.controller.NodeController - [Heartbeat] 节点=2 diskInfoJson=[{"mountPoint":"/","totalGB":1007,"usedGB":10,"fre
2026-08-28 15:42:54 [http-nio-9091-exec-5] INFO  c.o.server.controller.NodeController - [Heartbeat] updateDiskInfo成功 节点=2
2026-08-28 15:42:54 [http-nio-9091-exec-4] INFO  c.o.server.controller.NodeController - [Heartbeat] 节点=1 diskInfoJson=[{"mountPoint":"/","totalGB":1007,"usedGB":10,"fre
2026-08-28 15:42:54 [http-nio-9091-exec-4] INFO  c.o.server.controller.NodeController - [Heartbeat] updateDiskInfo成功 节点=1
2026-08-28 15:43:23 [pool-8-thread-1] INFO  c.o.s.m.s.MonitorCollectorScheduler - 监控采集已启动 taskId=6c2611fdbf9e465a
2026-08-28 15:43:53 [http-nio-9091-exec-1] INFO  c.o.server.controller.NodeController - [Heartbeat] 节点=3 diskInfoJson=[{"mountPoint":"/","totalGB":1007,"usedGB":10,"fre
2026-08-28 15:43:53 [http-nio-9091-exec-1] INFO  c.o.server.controller.NodeController - [Heartbeat] updateDiskInfo成功 节点=3
2026-08-28 15:43:53 [http-nio-9091-exec-1] DEBUG c.o.server.controller.NodeController - 监控快照 节点=3 项目=1 进程=RUNNING 健康=UP PID=60 主机CPU=0.8% 进程CPU=0.0% 主机内存=28% 进程内存=4MB 堆=139/268MB 磁盘=1% 详情=Agent主动上报
2026-08-28 15:43:54 [http-nio-9091-exec-3] INFO  c.o.server.controller.NodeController - [Heartbeat] 节点=2 diskInfoJson=[{"mountPoint":"/","totalGB":1007,"usedGB":10,"fre
2026-08-28 15:43:54 [http-nio-9091-exec-3] INFO  c.o.server.controller.NodeController - [Heartbeat] updateDiskInfo成功 节点=2
2026-08-28 15:43:54 [http-nio-9091-exec-5] INFO  c.o.server.controller.NodeController - [Heartbeat] 节点=1 diskInfoJson=[{"mountPoint":"/","totalGB":1007,"usedGB":10,"fre
2026-08-28 15:43:54 [http-nio-9091-exec-5] INFO  c.o.server.controller.NodeController - [Heartbeat] updateDiskInfo成功 节点=1
2026-08-28 15:44:23 [pool-8-thread-1] INFO  c.o.s.m.s.MonitorCollectorScheduler - 监控采集已启动 taskId=f7db58c789bd4bc7
2026-08-28 15:44:53 [http-nio-9091-exec-6] INFO  c.o.server.controller.NodeController - [Heartbeat] 节点=3 diskInfoJson=[{"mountPoint":"/","totalGB":1007,"usedGB":10,"fre
2026-08-28 15:44:53 [http-nio-9091-exec-6] INFO  c.o.server.controller.NodeController - [Heartbeat] updateDiskInfo成功 节点=3
2026-08-28 15:44:53 [http-nio-9091-exec-6] DEBUG c.o.server.controller.NodeController - 监控快照 节点=3 项目=1 进程=RUNNING 健康=UP PID=60 主机CPU=0.8% 进程CPU=0.0% 主机内存=28% 进程内存=4MB 堆=139/268MB 磁盘=1% 详情=Agent主动上报
2026-08-28 15:44:54 [http-nio-9091-exec-1] INFO  c.o.server.controller.NodeController - [Heartbeat] 节点=2 diskInfoJson=[{"mountPoint":"/","totalGB":1007,"usedGB":10,"fre
2026-08-28 15:44:54 [http-nio-9091-exec-1] INFO  c.o.server.controller.NodeController - [Heartbeat] updateDiskInfo成功 节点=2
2026-08-28 15:44:54 [http-nio-9091-exec-3] INFO  c.o.server.controller.NodeController - [Heartbeat] 节点=1 diskInfoJson=[{"mountPoint":"/","totalGB":1007,"usedGB":10,"fre
2026-08-28 15:44:54 [http-nio-9091-exec-3] INFO  c.o.server.controller.NodeController - [Heartbeat] updateDiskInfo成功 节点=1
2026-08-28 15:45:23 [pool-8-thread-1] INFO  c.o.s.m.s.MonitorCollectorScheduler - 监控采集已启动 taskId=9c7e94c8c6cb4ef2
2026-08-28 15:45:53 [http-nio-9091-exec-7] INFO  c.o.server.controller.NodeController - [Heartbeat] 节点=3 diskInfoJson=[{"mountPoint":"/","totalGB":1007,"usedGB":10,"fre
2026-08-28 15:45:53 [http-nio-9091-exec-7] INFO  c.o.server.controller.NodeController - [Heartbeat] updateDiskInfo成功 节点=3
2026-08-28 15:45:53 [http-nio-9091-exec-7] DEBUG c.o.server.controller.NodeController - 监控快照 节点=3 项目=1 进程=RUNNING 健康=UP PID=60 主机CPU=0.8% 进程CPU=0.0% 主机内存=28% 进程内存=4MB 堆=139/268MB 磁盘=1% 详情=Agent主动上报
2026-08-28 15:45:54 [http-nio-9091-exec-6] INFO  c.o.server.controller.NodeController - [Heartbeat] 节点=2 diskInfoJson=[{"mountPoint":"/","totalGB":1007,"usedGB":10,"fre
2026-08-28 15:45:54 [http-nio-9091-exec-6] INFO  c.o.server.controller.NodeController - [Heartbeat] updateDiskInfo成功 节点=2
2026-08-28 15:45:54 [http-nio-9091-exec-1] INFO  c.o.server.controller.NodeController - [Heartbeat] 节点=1 diskInfoJson=[{"mountPoint":"/","totalGB":1007,"usedGB":10,"fre
2026-08-28 15:45:54 [http-nio-9091-exec-1] INFO  c.o.server.controller.NodeController - [Heartbeat] updateDiskInfo成功 节点=1
2026-08-28 15:46:23 [pool-8-thread-1] INFO  c.o.s.m.s.MonitorCollectorScheduler - 监控采集已启动 taskId=2fbc1b630dbb4d0d
2026-08-28 15:46:53 [http-nio-9091-exec-2] INFO  c.o.server.controller.NodeController - [Heartbeat] 节点=3 diskInfoJson=[{"mountPoint":"/","totalGB":1007,"usedGB":10,"fre
2026-08-28 15:46:53 [http-nio-9091-exec-2] INFO  c.o.server.controller.NodeController - [Heartbeat] updateDiskInfo成功 节点=3
2026-08-28 15:46:53 [http-nio-9091-exec-2] DEBUG c.o.server.controller.NodeController - 监控快照 节点=3 项目=1 进程=RUNNING 健康=UP PID=60 主机CPU=1.1% 进程CPU=0.0% 主机内存=28% 进程内存=4MB 堆=151/268MB 磁盘=1% 详情=Agent主动上报
2026-08-28 15:46:54 [http-nio-9091-exec-7] INFO  c.o.server.controller.NodeController - [Heartbeat] 节点=2 diskInfoJson=[{"mountPoint":"/","totalGB":1007,"usedGB":10,"fre
2026-08-28 15:46:54 [http-nio-9091-exec-7] INFO  c.o.server.controller.NodeController - [Heartbeat] updateDiskInfo成功 节点=2
2026-08-28 15:46:54 [http-nio-9091-exec-6] INFO  c.o.server.controller.NodeController - [Heartbeat] 节点=1 diskInfoJson=[{"mountPoint":"/","totalGB":1007,"usedGB":10,"fre
2026-08-28 15:46:54 [http-nio-9091-exec-6] INFO  c.o.server.controller.NodeController - [Heartbeat] updateDiskInfo成功 节点=1
2026-08-28 15:47:23 [pool-8-thread-1] INFO  c.o.s.m.s.MonitorCollectorScheduler - 监控采集已启动 taskId=586f30428a214fe0
2026-08-28 15:47:53 [http-nio-9091-exec-10] INFO  c.o.server.controller.NodeController - [Heartbeat] 节点=3 diskInfoJson=[{"mountPoint":"/","totalGB":1007,"usedGB":10,"fre
2026-08-28 15:47:53 [http-nio-9091-exec-10] INFO  c.o.server.controller.NodeController - [Heartbeat] updateDiskInfo成功 节点=3
2026-08-28 15:47:53 [http-nio-9091-exec-10] DEBUG c.o.server.controller.NodeController - 监控快照 节点=3 项目=1 进程=RUNNING 健康=UP PID=60 主机CPU=0.9% 进程CPU=0.0% 主机内存=28% 进程内存=4MB 堆=151/268MB 磁盘=1% 详情=Agent主动上报
2026-08-28 15:47:54 [http-nio-9091-exec-2] INFO  c.o.server.controller.NodeController - [Heartbeat] 节点=2 diskInfoJson=[{"mountPoint":"/","totalGB":1007,"usedGB":10,"fre
2026-08-28 15:47:54 [http-nio-9091-exec-2] INFO  c.o.server.controller.NodeController - [Heartbeat] updateDiskInfo成功 节点=2
2026-08-28 15:47:54 [http-nio-9091-exec-7] INFO  c.o.server.controller.NodeController - [Heartbeat] 节点=1 diskInfoJson=[{"mountPoint":"/","totalGB":1007,"usedGB":10,"fre
2026-08-28 15:47:54 [http-nio-9091-exec-7] INFO  c.o.server.controller.NodeController - [Heartbeat] updateDiskInfo成功 节点=1
2026-08-28 15:48:23 [pool-8-thread-1] INFO  c.o.s.m.s.MonitorCollectorScheduler - 监控采集已启动 taskId=834886f474574336
2026-08-28 15:48:53 [http-nio-9091-exec-9] INFO  c.o.server.controller.NodeController - [Heartbeat] 节点=3 diskInfoJson=[{"mountPoint":"/","totalGB":1007,"usedGB":10,"fre
2026-08-28 15:48:53 [http-nio-9091-exec-9] INFO  c.o.server.controller.NodeController - [Heartbeat] updateDiskInfo成功 节点=3
2026-08-28 15:48:53 [http-nio-9091-exec-9] DEBUG c.o.server.controller.NodeController - 监控快照 节点=3 项目=1 进程=RUNNING 健康=UP PID=60 主机CPU=0.8% 进程CPU=0.0% 主机内存=28% 进程内存=4MB 堆=151/268MB 磁盘=1% 详情=Agent主动上报
2026-08-28 15:48:54 [http-nio-9091-exec-10] INFO  c.o.server.controller.NodeController - [Heartbeat] 节点=2 diskInfoJson=[{"mountPoint":"/","totalGB":1007,"usedGB":10,"fre
2026-08-28 15:48:54 [http-nio-9091-exec-10] INFO  c.o.server.controller.NodeController - [Heartbeat] updateDiskInfo成功 节点=2
2026-08-28 15:48:54 [http-nio-9091-exec-2] INFO  c.o.server.controller.NodeController - [Heartbeat] 节点=1 diskInfoJson=[{"mountPoint":"/","totalGB":1007,"usedGB":10,"fre
2026-08-28 15:48:54 [http-nio-9091-exec-2] INFO  c.o.server.controller.NodeController - [Heartbeat] updateDiskInfo成功 节点=1
2026-08-28 15:49:23 [pool-8-thread-1] INFO  c.o.s.m.s.MonitorCollectorScheduler - 监控采集已启动 taskId=00da7ed10c77495c
2026-08-28 15:49:53 [http-nio-9091-exec-8] INFO  c.o.server.controller.NodeController - [Heartbeat] 节点=3 diskInfoJson=[{"mountPoint":"/","totalGB":1007,"usedGB":10,"fre
2026-08-28 15:49:53 [http-nio-9091-exec-8] INFO  c.o.server.controller.NodeController - [Heartbeat] updateDiskInfo成功 节点=3
2026-08-28 15:49:53 [http-nio-9091-exec-8] DEBUG c.o.server.controller.NodeController - 监控快照 节点=3 项目=1 进程=RUNNING 健康=UP PID=60 主机CPU=0.9% 进程CPU=0.0% 主机内存=29% 进程内存=4MB 堆=151/268MB 磁盘=1% 详情=Agent主动上报
2026-08-28 15:49:54 [http-nio-9091-exec-9] INFO  c.o.server.controller.NodeController - [Heartbeat] 节点=2 diskInfoJson=[{"mountPoint":"/","totalGB":1007,"usedGB":10,"fre
2026-08-28 15:49:54 [http-nio-9091-exec-9] INFO  c.o.server.controller.NodeController - [Heartbeat] updateDiskInfo成功 节点=2
2026-08-28 15:49:54 [http-nio-9091-exec-10] INFO  c.o.server.controller.NodeController - [Heartbeat] 节点=1 diskInfoJson=[{"mountPoint":"/","totalGB":1007,"usedGB":10,"fre
2026-08-28 15:49:54 [http-nio-9091-exec-10] INFO  c.o.server.controller.NodeController - [Heartbeat] updateDiskInfo成功 节点=1
2026-08-28 15:50:23 [pool-8-thread-1] INFO  c.o.s.m.s.MonitorCollectorScheduler - 监控采集已启动 taskId=09a38aa356824357
2026-08-28 15:50:53 [http-nio-9091-exec-4] INFO  c.o.server.controller.NodeController - [Heartbeat] 节点=3 diskInfoJson=[{"mountPoint":"/","totalGB":1007,"usedGB":10,"fre
2026-08-28 15:50:53 [http-nio-9091-exec-4] INFO  c.o.server.controller.NodeController - [Heartbeat] updateDiskInfo成功 节点=3
2026-08-28 15:50:53 [http-nio-9091-exec-4] DEBUG c.o.server.controller.NodeController - 监控快照 节点=3 项目=1 进程=RUNNING 健康=UP PID=60 主机CPU=0.9% 进程CPU=0.0% 主机内存=28% 进程内存=4MB 堆=152/268MB 磁盘=1% 详情=Agent主动上报
2026-08-28 15:50:54 [http-nio-9091-exec-8] INFO  c.o.server.controller.NodeController - [Heartbeat] 节点=2 diskInfoJson=[{"mountPoint":"/","totalGB":1007,"usedGB":10,"fre
2026-08-28 15:50:54 [http-nio-9091-exec-8] INFO  c.o.server.controller.NodeController - [Heartbeat] updateDiskInfo成功 节点=2
2026-08-28 15:50:54 [http-nio-9091-exec-9] INFO  c.o.server.controller.NodeController - [Heartbeat] 节点=1 diskInfoJson=[{"mountPoint":"/","totalGB":1007,"usedGB":10,"fre
2026-08-28 15:50:54 [http-nio-9091-exec-9] INFO  c.o.server.controller.NodeController - [Heartbeat] updateDiskInfo成功 节点=1
2026-08-28 15:51:23 [pool-8-thread-1] INFO  c.o.s.m.s.MonitorCollectorScheduler - 监控采集已启动 taskId=410b4e42f81942ef
2026-08-28 15:51:53 [http-nio-9091-exec-5] INFO  c.o.server.controller.NodeController - [Heartbeat] 节点=3 diskInfoJson=[{"mountPoint":"/","totalGB":1007,"usedGB":10,"fre
2026-08-28 15:51:53 [http-nio-9091-exec-5] INFO  c.o.server.controller.NodeController - [Heartbeat] updateDiskInfo成功 节点=3
2026-08-28 15:51:53 [http-nio-9091-exec-5] DEBUG c.o.server.controller.NodeController - 监控快照 节点=3 项目=1 进程=RUNNING 健康=UP PID=60 主机CPU=0.8% 进程CPU=0.0% 主机内存=28% 进程内存=4MB 堆=152/268MB 磁盘=1% 详情=Agent主动上报
2026-08-28 15:51:54 [http-nio-9091-exec-4] INFO  c.o.server.controller.NodeController - [Heartbeat] 节点=2 diskInfoJson=[{"mountPoint":"/","totalGB":1007,"usedGB":10,"fre
2026-08-28 15:51:54 [http-nio-9091-exec-4] INFO  c.o.server.controller.NodeController - [Heartbeat] updateDiskInfo成功 节点=2
2026-08-28 15:51:54 [http-nio-9091-exec-8] INFO  c.o.server.controller.NodeController - [Heartbeat] 节点=1 diskInfoJson=[{"mountPoint":"/","totalGB":1007,"usedGB":10,"fre
2026-08-28 15:51:54 [http-nio-9091-exec-8] INFO  c.o.server.controller.NodeController - [Heartbeat] updateDiskInfo成功 节点=1
2026-08-28 15:52:23 [pool-8-thread-1] INFO  c.o.s.m.s.MonitorCollectorScheduler - 监控采集已启动 taskId=d186d92083684bc2
2026-08-28 15:52:53 [http-nio-9091-exec-3] INFO  c.o.server.controller.NodeController - [Heartbeat] 节点=3 diskInfoJson=[{"mountPoint":"/","totalGB":1007,"usedGB":10,"fre
2026-08-28 15:52:53 [http-nio-9091-exec-3] INFO  c.o.server.controller.NodeController - [Heartbeat] updateDiskInfo成功 节点=3
2026-08-28 15:52:53 [http-nio-9091-exec-3] DEBUG c.o.server.controller.NodeController - 监控快照 节点=3 项目=1 进程=RUNNING 健康=UP PID=60 主机CPU=0.7% 进程CPU=0.0% 主机内存=28% 进程内存=4MB 堆=152/268MB 磁盘=1% 详情=Agent主动上报
2026-08-28 15:52:54 [http-nio-9091-exec-5] INFO  c.o.server.controller.NodeController - [Heartbeat] 节点=2 diskInfoJson=[{"mountPoint":"/","totalGB":1007,"usedGB":10,"fre
2026-08-28 15:52:54 [http-nio-9091-exec-5] INFO  c.o.server.controller.NodeController - [Heartbeat] updateDiskInfo成功 节点=2
2026-08-28 15:52:54 [http-nio-9091-exec-4] INFO  c.o.server.controller.NodeController - [Heartbeat] 节点=1 diskInfoJson=[{"mountPoint":"/","totalGB":1007,"usedGB":10,"fre
2026-08-28 15:52:54 [http-nio-9091-exec-4] INFO  c.o.server.controller.NodeController - [Heartbeat] updateDiskInfo成功 节点=1
2026-08-28 15:53:23 [pool-8-thread-1] INFO  c.o.s.m.s.MonitorCollectorScheduler - 监控采集已启动 taskId=393c82d063004791
2026-08-28 15:53:53 [http-nio-9091-exec-1] INFO  c.o.server.controller.NodeController - [Heartbeat] 节点=3 diskInfoJson=[{"mountPoint":"/","totalGB":1007,"usedGB":10,"fre
2026-08-28 15:53:53 [http-nio-9091-exec-1] INFO  c.o.server.controller.NodeController - [Heartbeat] updateDiskInfo成功 节点=3
2026-08-28 15:53:53 [http-nio-9091-exec-1] DEBUG c.o.server.controller.NodeController - 监控快照 节点=3 项目=1 进程=RUNNING 健康=UP PID=60 主机CPU=0.8% 进程CPU=0.0% 主机内存=28% 进程内存=4MB 堆=152/268MB 磁盘=1% 详情=Agent主动上报
2026-08-28 15:53:54 [http-nio-9091-exec-3] INFO  c.o.server.controller.NodeController - [Heartbeat] 节点=2 diskInfoJson=[{"mountPoint":"/","totalGB":1007,"usedGB":10,"fre
2026-08-28 15:53:54 [http-nio-9091-exec-3] INFO  c.o.server.controller.NodeController - [Heartbeat] updateDiskInfo成功 节点=2
2026-08-28 15:53:54 [http-nio-9091-exec-5] INFO  c.o.server.controller.NodeController - [Heartbeat] 节点=1 diskInfoJson=[{"mountPoint":"/","totalGB":1007,"usedGB":10,"fre
2026-08-28 15:53:54 [http-nio-9091-exec-5] INFO  c.o.server.controller.NodeController - [Heartbeat] updateDiskInfo成功 节点=1
2026-08-28 15:54:23 [pool-8-thread-1] INFO  c.o.s.m.s.MonitorCollectorScheduler - 监控采集已启动 taskId=1feba14121404a4c
2026-08-28 15:54:53 [http-nio-9091-exec-6] INFO  c.o.server.controller.NodeController - [Heartbeat] 节点=3 diskInfoJson=[{"mountPoint":"/","totalGB":1007,"usedGB":10,"fre
2026-08-28 15:54:53 [http-nio-9091-exec-6] INFO  c.o.server.controller.NodeController - [Heartbeat] updateDiskInfo成功 节点=3
2026-08-28 15:54:53 [http-nio-9091-exec-6] DEBUG c.o.server.controller.NodeController - 监控快照 节点=3 项目=1 进程=RUNNING 健康=UP PID=60 主机CPU=0.8% 进程CPU=0.0% 主机内存=28% 进程内存=4MB 堆=152/268MB 磁盘=1% 详情=Agent主动上报
2026-08-28 15:54:54 [http-nio-9091-exec-1] INFO  c.o.server.controller.NodeController - [Heartbeat] 节点=2 diskInfoJson=[{"mountPoint":"/","totalGB":1007,"usedGB":10,"fre
2026-08-28 15:54:54 [http-nio-9091-exec-1] INFO  c.o.server.controller.NodeController - [Heartbeat] updateDiskInfo成功 节点=2
2026-08-28 15:54:54 [http-nio-9091-exec-3] INFO  c.o.server.controller.NodeController - [Heartbeat] 节点=1 diskInfoJson=[{"mountPoint":"/","totalGB":1007,"usedGB":10,"fre
2026-08-28 15:54:54 [http-nio-9091-exec-3] INFO  c.o.server.controller.NodeController - [Heartbeat] updateDiskInfo成功 节点=1
2026-08-28 15:55:23 [pool-8-thread-1] INFO  c.o.s.m.s.MonitorCollectorScheduler - 监控采集已启动 taskId=90b80828f7334cbe
2026-08-28 15:55:53 [http-nio-9091-exec-7] INFO  c.o.server.controller.NodeController - [Heartbeat] 节点=3 diskInfoJson=[{"mountPoint":"/","totalGB":1007,"usedGB":10,"fre
2026-08-28 15:55:53 [http-nio-9091-exec-7] INFO  c.o.server.controller.NodeController - [Heartbeat] updateDiskInfo成功 节点=3
2026-08-28 15:55:53 [http-nio-9091-exec-7] DEBUG c.o.server.controller.NodeController - 监控快照 节点=3 项目=1 进程=RUNNING 健康=UP PID=60 主机CPU=0.9% 进程CPU=0.0% 主机内存=28% 进程内存=4MB 堆=153/268MB 磁盘=1% 详情=Agent主动上报
2026-08-28 15:55:54 [http-nio-9091-exec-6] INFO  c.o.server.controller.NodeController - [Heartbeat] 节点=2 diskInfoJson=[{"mountPoint":"/","totalGB":1007,"usedGB":10,"fre
2026-08-28 15:55:54 [http-nio-9091-exec-6] INFO  c.o.server.controller.NodeController - [Heartbeat] updateDiskInfo成功 节点=2
2026-08-28 15:55:54 [http-nio-9091-exec-1] INFO  c.o.server.controller.NodeController - [Heartbeat] 节点=1 diskInfoJson=[{"mountPoint":"/","totalGB":1007,"usedGB":10,"fre
2026-08-28 15:55:54 [http-nio-9091-exec-1] INFO  c.o.server.controller.NodeController - [Heartbeat] updateDiskInfo成功 节点=1
2026-08-28 15:56:23 [pool-8-thread-1] INFO  c.o.s.m.s.MonitorCollectorScheduler - 监控采集已启动 taskId=96a9e03ecb5b4289
2026-08-28 15:56:53 [http-nio-9091-exec-2] INFO  c.o.server.controller.NodeController - [Heartbeat] 节点=3 diskInfoJson=[{"mountPoint":"/","totalGB":1007,"usedGB":10,"fre
2026-08-28 15:56:53 [http-nio-9091-exec-2] INFO  c.o.server.controller.NodeController - [Heartbeat] updateDiskInfo成功 节点=3
2026-08-28 15:56:53 [http-nio-9091-exec-2] DEBUG c.o.server.controller.NodeController - 监控快照 节点=3 项目=1 进程=RUNNING 健康=UP PID=60 主机CPU=0.8% 进程CPU=0.0% 主机内存=28% 进程内存=4MB 堆=153/268MB 磁盘=1% 详情=Agent主动上报
2026-08-28 15:56:54 [http-nio-9091-exec-7] INFO  c.o.server.controller.NodeController - [Heartbeat] 节点=2 diskInfoJson=[{"mountPoint":"/","totalGB":1007,"usedGB":10,"fre
2026-08-28 15:56:54 [http-nio-9091-exec-7] INFO  c.o.server.controller.NodeController - [Heartbeat] updateDiskInfo成功 节点=2
2026-08-28 15:56:54 [http-nio-9091-exec-6] INFO  c.o.server.controller.NodeController - [Heartbeat] 节点=1 diskInfoJson=[{"mountPoint":"/","totalGB":1007,"usedGB":10,"fre
2026-08-28 15:56:54 [http-nio-9091-exec-6] INFO  c.o.server.controller.NodeController - [Heartbeat] updateDiskInfo成功 节点=1
2026-08-28 15:57:23 [pool-8-thread-1] INFO  c.o.s.m.s.MonitorCollectorScheduler - 监控采集已启动 taskId=973f0b94c8dc4be8
2026-08-28 15:57:53 [http-nio-9091-exec-10] INFO  c.o.server.controller.NodeController - [Heartbeat] 节点=3 diskInfoJson=[{"mountPoint":"/","totalGB":1007,"usedGB":10,"fre
2026-08-28 15:57:53 [http-nio-9091-exec-10] INFO  c.o.server.controller.NodeController - [Heartbeat] updateDiskInfo成功 节点=3
2026-08-28 15:57:53 [http-nio-9091-exec-10] DEBUG c.o.server.controller.NodeController - 监控快照 节点=3 项目=1 进程=RUNNING 健康=UP PID=60 主机CPU=0.8% 进程CPU=0.0% 主机内存=28% 进程内存=4MB 堆=153/268MB 磁盘=1% 详情=Agent主动上报
2026-08-28 15:57:54 [http-nio-9091-exec-2] INFO  c.o.server.controller.NodeController - [Heartbeat] 节点=2 diskInfoJson=[{"mountPoint":"/","totalGB":1007,"usedGB":10,"fre
2026-08-28 15:57:54 [http-nio-9091-exec-2] INFO  c.o.server.controller.NodeController - [Heartbeat] updateDiskInfo成功 节点=2
2026-08-28 15:57:54 [http-nio-9091-exec-7] INFO  c.o.server.controller.NodeController - [Heartbeat] 节点=1 diskInfoJson=[{"mountPoint":"/","totalGB":1007,"usedGB":10,"fre
2026-08-28 15:57:54 [http-nio-9091-exec-7] INFO  c.o.server.controller.NodeController - [Heartbeat] updateDiskInfo成功 节点=1
2026-08-28 15:58:23 [pool-8-thread-1] INFO  c.o.s.m.s.MonitorCollectorScheduler - 监控采集已启动 taskId=973e52043f4f41b6
2026-08-28 15:58:53 [http-nio-9091-exec-9] INFO  c.o.server.controller.NodeController - [Heartbeat] 节点=3 diskInfoJson=[{"mountPoint":"/","totalGB":1007,"usedGB":10,"fre
2026-08-28 15:58:53 [http-nio-9091-exec-9] INFO  c.o.server.controller.NodeController - [Heartbeat] updateDiskInfo成功 节点=3
2026-08-28 15:58:53 [http-nio-9091-exec-9] DEBUG c.o.server.controller.NodeController - 监控快照 节点=3 项目=1 进程=RUNNING 健康=UP PID=60 主机CPU=0.8% 进程CPU=0.0% 主机内存=28% 进程内存=4MB 堆=154/268MB 磁盘=1% 详情=Agent主动上报
2026-08-28 15:58:54 [http-nio-9091-exec-10] INFO  c.o.server.controller.NodeController - [Heartbeat] 节点=2 diskInfoJson=[{"mountPoint":"/","totalGB":1007,"usedGB":10,"fre
2026-08-28 15:58:54 [http-nio-9091-exec-10] INFO  c.o.server.controller.NodeController - [Heartbeat] updateDiskInfo成功 节点=2
2026-08-28 15:58:54 [http-nio-9091-exec-2] INFO  c.o.server.controller.NodeController - [Heartbeat] 节点=1 diskInfoJson=[{"mountPoint":"/","totalGB":1007,"usedGB":10,"fre
2026-08-28 15:58:54 [http-nio-9091-exec-2] INFO  c.o.server.controller.NodeController - [Heartbeat] updateDiskInfo成功 节点=1
2026-08-28 15:59:23 [pool-8-thread-1] INFO  c.o.s.m.s.MonitorCollectorScheduler - 监控采集已启动 taskId=27b2ca47f21244c3
2026-08-28 15:59:53 [http-nio-9091-exec-8] INFO  c.o.server.controller.NodeController - [Heartbeat] 节点=3 diskInfoJson=[{"mountPoint":"/","totalGB":1007,"usedGB":10,"fre
2026-08-28 15:59:53 [http-nio-9091-exec-8] INFO  c.o.server.controller.NodeController - [Heartbeat] updateDiskInfo成功 节点=3
2026-08-28 15:59:53 [http-nio-9091-exec-8] DEBUG c.o.server.controller.NodeController - 监控快照 节点=3 项目=1 进程=RUNNING 健康=UP PID=60 主机CPU=0.9% 进程CPU=0.0% 主机内存=28% 进程内存=4MB 堆=156/268MB 磁盘=1% 详情=Agent主动上报
2026-08-28 15:59:54 [http-nio-9091-exec-9] INFO  c.o.server.controller.NodeController - [Heartbeat] 节点=2 diskInfoJson=[{"mountPoint":"/","totalGB":1007,"usedGB":10,"fre
2026-08-28 15:59:54 [http-nio-9091-exec-9] INFO  c.o.server.controller.NodeController - [Heartbeat] updateDiskInfo成功 节点=2
2026-08-28 15:59:54 [http-nio-9091-exec-10] INFO  c.o.server.controller.NodeController - [Heartbeat] 节点=1 diskInfoJson=[{"mountPoint":"/","totalGB":1007,"usedGB":10,"fre
2026-08-28 15:59:54 [http-nio-9091-exec-10] INFO  c.o.server.controller.NodeController - [Heartbeat] updateDiskInfo成功 节点=1
2026-08-28 16:00:23 [pool-8-thread-1] INFO  c.o.s.m.s.MonitorCollectorScheduler - 监控采集已启动 taskId=33055ef137d04286
2026-08-28 16:00:53 [http-nio-9091-exec-4] INFO  c.o.server.controller.NodeController - [Heartbeat] 节点=3 diskInfoJson=[{"mountPoint":"/","totalGB":1007,"usedGB":10,"fre
2026-08-28 16:00:53 [http-nio-9091-exec-4] INFO  c.o.server.controller.NodeController - [Heartbeat] updateDiskInfo成功 节点=3
2026-08-28 16:00:53 [http-nio-9091-exec-4] DEBUG c.o.server.controller.NodeController - 监控快照 节点=3 项目=1 进程=RUNNING 健康=UP PID=60 主机CPU=1.2% 进程CPU=0.0% 主机内存=28% 进程内存=4MB 堆=157/268MB 磁盘=1% 详情=Agent主动上报
2026-08-28 16:00:54 [http-nio-9091-exec-8] INFO  c.o.server.controller.NodeController - [Heartbeat] 节点=2 diskInfoJson=[{"mountPoint":"/","totalGB":1007,"usedGB":10,"fre
2026-08-28 16:00:54 [http-nio-9091-exec-8] INFO  c.o.server.controller.NodeController - [Heartbeat] updateDiskInfo成功 节点=2
2026-08-28 16:00:54 [http-nio-9091-exec-9] INFO  c.o.server.controller.NodeController - [Heartbeat] 节点=1 diskInfoJson=[{"mountPoint":"/","totalGB":1007,"usedGB":10,"fre
2026-08-28 16:00:54 [http-nio-9091-exec-9] INFO  c.o.server.controller.NodeController - [Heartbeat] updateDiskInfo成功 节点=1
2026-08-28 16:01:23 [pool-8-thread-1] INFO  c.o.s.m.s.MonitorCollectorScheduler - 监控采集已启动 taskId=c5a854fcd1b6489e
2026-08-28 16:01:53 [http-nio-9091-exec-8] INFO  c.o.server.controller.NodeController - [Heartbeat] 节点=3 diskInfoJson=[{"mountPoint":"/","totalGB":1007,"usedGB":10,"fre
2026-08-28 16:01:53 [http-nio-9091-exec-8] INFO  c.o.server.controller.NodeController - [Heartbeat] updateDiskInfo成功 节点=3
2026-08-28 16:01:53 [http-nio-9091-exec-8] DEBUG c.o.server.controller.NodeController - 监控快照 节点=3 项目=1 进程=RUNNING 健康=UP PID=60 主机CPU=1.1% 进程CPU=0.0% 主机内存=28% 进程内存=4MB 堆=157/268MB 磁盘=1% 详情=Agent主动上报
2026-08-28 16:01:54 [http-nio-9091-exec-9] INFO  c.o.server.controller.NodeController - [Heartbeat] 节点=2 diskInfoJson=[{"mountPoint":"/","totalGB":1007,"usedGB":10,"fre
2026-08-28 16:01:54 [http-nio-9091-exec-9] INFO  c.o.server.controller.NodeController - [Heartbeat] updateDiskInfo成功 节点=2
2026-08-28 16:01:54 [http-nio-9091-exec-10] INFO  c.o.server.controller.NodeController - [Heartbeat] 节点=1 diskInfoJson=[{"mountPoint":"/","totalGB":1007,"usedGB":10,"fre
2026-08-28 16:01:54 [http-nio-9091-exec-10] INFO  c.o.server.controller.NodeController - [Heartbeat] updateDiskInfo成功 节点=1
2026-08-28 16:02:23 [pool-8-thread-1] INFO  c.o.s.m.s.MonitorCollectorScheduler - 监控采集已启动 taskId=d7167b79e1124e1f
2026-08-28 16:02:53 [http-nio-9091-exec-4] INFO  c.o.server.controller.NodeController - [Heartbeat] 节点=3 diskInfoJson=[{"mountPoint":"/","totalGB":1007,"usedGB":10,"fre
2026-08-28 16:02:53 [http-nio-9091-exec-4] INFO  c.o.server.controller.NodeController - [Heartbeat] updateDiskInfo成功 节点=3
2026-08-28 16:02:53 [http-nio-9091-exec-4] DEBUG c.o.server.controller.NodeController - 监控快照 节点=3 项目=1 进程=RUNNING 健康=UP PID=60 主机CPU=1.0% 进程CPU=0.0% 主机内存=28% 进程内存=4MB 堆=158/268MB 磁盘=1% 详情=Agent主动上报
2026-08-28 16:02:54 [http-nio-9091-exec-8] INFO  c.o.server.controller.NodeController - [Heartbeat] 节点=2 diskInfoJson=[{"mountPoint":"/","totalGB":1007,"usedGB":10,"fre
2026-08-28 16:02:54 [http-nio-9091-exec-8] INFO  c.o.server.controller.NodeController - [Heartbeat] updateDiskInfo成功 节点=2
2026-08-28 16:02:54 [http-nio-9091-exec-9] INFO  c.o.server.controller.NodeController - [Heartbeat] 节点=1 diskInfoJson=[{"mountPoint":"/","totalGB":1007,"usedGB":10,"fre
2026-08-28 16:02:54 [http-nio-9091-exec-9] INFO  c.o.server.controller.NodeController - [Heartbeat] updateDiskInfo成功 节点=1
2026-08-28 16:03:23 [pool-8-thread-1] INFO  c.o.s.m.s.MonitorCollectorScheduler - 监控采集已启动 taskId=31a0ee317cae4252
2026-08-28 16:03:53 [http-nio-9091-exec-5] INFO  c.o.server.controller.NodeController - [Heartbeat] 节点=3 diskInfoJson=[{"mountPoint":"/","totalGB":1007,"usedGB":10,"fre
2026-08-28 16:03:53 [http-nio-9091-exec-5] INFO  c.o.server.controller.NodeController - [Heartbeat] updateDiskInfo成功 节点=3
2026-08-28 16:03:53 [http-nio-9091-exec-5] DEBUG c.o.server.controller.NodeController - 监控快照 节点=3 项目=1 进程=RUNNING 健康=UP PID=60 主机CPU=1.0% 进程CPU=0.0% 主机内存=28% 进程内存=4MB 堆=44/311MB 磁盘=1% 详情=Agent主动上报
2026-08-28 16:03:54 [http-nio-9091-exec-4] INFO  c.o.server.controller.NodeController - [Heartbeat] 节点=2 diskInfoJson=[{"mountPoint":"/","totalGB":1007,"usedGB":10,"fre
2026-08-28 16:03:54 [http-nio-9091-exec-4] INFO  c.o.server.controller.NodeController - [Heartbeat] updateDiskInfo成功 节点=2
2026-08-28 16:03:54 [http-nio-9091-exec-8] INFO  c.o.server.controller.NodeController - [Heartbeat] 节点=1 diskInfoJson=[{"mountPoint":"/","totalGB":1007,"usedGB":10,"fre
2026-08-28 16:03:54 [http-nio-9091-exec-8] INFO  c.o.server.controller.NodeController - [Heartbeat] updateDiskInfo成功 节点=1
2026-08-28 16:04:23 [pool-8-thread-1] INFO  c.o.s.m.s.MonitorCollectorScheduler - 监控采集已启动 taskId=3df4e01ea89849c0
2026-08-28 16:04:53 [http-nio-9091-exec-3] INFO  c.o.server.controller.NodeController - [Heartbeat] 节点=3 diskInfoJson=[{"mountPoint":"/","totalGB":1007,"usedGB":10,"fre
2026-08-28 16:04:53 [http-nio-9091-exec-3] INFO  c.o.server.controller.NodeController - [Heartbeat] updateDiskInfo成功 节点=3
2026-08-28 16:04:53 [http-nio-9091-exec-3] DEBUG c.o.server.controller.NodeController - 监控快照 节点=3 项目=1 进程=RUNNING 健康=UP PID=60 主机CPU=1.0% 进程CPU=0.0% 主机内存=28% 进程内存=4MB 堆=45/311MB 磁盘=1% 详情=Agent主动上报
2026-08-28 16:04:54 [http-nio-9091-exec-5] INFO  c.o.server.controller.NodeController - [Heartbeat] 节点=2 diskInfoJson=[{"mountPoint":"/","totalGB":1007,"usedGB":10,"fre
2026-08-28 16:04:54 [http-nio-9091-exec-5] INFO  c.o.server.controller.NodeController - [Heartbeat] updateDiskInfo成功 节点=2
2026-08-28 16:04:54 [http-nio-9091-exec-4] INFO  c.o.server.controller.NodeController - [Heartbeat] 节点=1 diskInfoJson=[{"mountPoint":"/","totalGB":1007,"usedGB":10,"fre
2026-08-28 16:04:54 [http-nio-9091-exec-4] INFO  c.o.server.controller.NodeController - [Heartbeat] updateDiskInfo成功 节点=1
2026-08-28 16:05:23 [pool-8-thread-1] INFO  c.o.s.m.s.MonitorCollectorScheduler - 监控采集已启动 taskId=0e526d32c83046d0
2026-08-28 16:05:53 [http-nio-9091-exec-1] INFO  c.o.server.controller.NodeController - [Heartbeat] 节点=3 diskInfoJson=[{"mountPoint":"/","totalGB":1007,"usedGB":10,"fre
2026-08-28 16:05:53 [http-nio-9091-exec-1] INFO  c.o.server.controller.NodeController - [Heartbeat] updateDiskInfo成功 节点=3
2026-08-28 16:05:53 [http-nio-9091-exec-1] DEBUG c.o.server.controller.NodeController - 监控快照 节点=3 项目=1 进程=RUNNING 健康=UP PID=60 主机CPU=0.9% 进程CPU=0.0% 主机内存=28% 进程内存=4MB 堆=45/311MB 磁盘=1% 详情=Agent主动上报
2026-08-28 16:05:54 [http-nio-9091-exec-3] INFO  c.o.server.controller.NodeController - [Heartbeat] 节点=2 diskInfoJson=[{"mountPoint":"/","totalGB":1007,"usedGB":10,"fre
2026-08-28 16:05:54 [http-nio-9091-exec-3] INFO  c.o.server.controller.NodeController - [Heartbeat] updateDiskInfo成功 节点=2
2026-08-28 16:05:54 [http-nio-9091-exec-5] INFO  c.o.server.controller.NodeController - [Heartbeat] 节点=1 diskInfoJson=[{"mountPoint":"/","totalGB":1007,"usedGB":10,"fre
2026-08-28 16:05:54 [http-nio-9091-exec-5] INFO  c.o.server.controller.NodeController - [Heartbeat] updateDiskInfo成功 节点=1
2026-08-28 16:06:23 [pool-8-thread-1] INFO  c.o.s.m.s.MonitorCollectorScheduler - 监控采集已启动 taskId=6230bde396bb4ae6
2026-08-28 16:06:53 [http-nio-9091-exec-6] INFO  c.o.server.controller.NodeController - [Heartbeat] 节点=3 diskInfoJson=[{"mountPoint":"/","totalGB":1007,"usedGB":10,"fre
2026-08-28 16:06:53 [http-nio-9091-exec-6] INFO  c.o.server.controller.NodeController - [Heartbeat] updateDiskInfo成功 节点=3
2026-08-28 16:06:53 [http-nio-9091-exec-6] DEBUG c.o.server.controller.NodeController - 监控快照 节点=3 项目=1 进程=RUNNING 健康=UP PID=60 主机CPU=1.0% 进程CPU=0.0% 主机内存=28% 进程内存=4MB 堆=47/311MB 磁盘=1% 详情=Agent主动上报
2026-08-28 16:06:54 [http-nio-9091-exec-1] INFO  c.o.server.controller.NodeController - [Heartbeat] 节点=2 diskInfoJson=[{"mountPoint":"/","totalGB":1007,"usedGB":10,"fre
2026-08-28 16:06:54 [http-nio-9091-exec-1] INFO  c.o.server.controller.NodeController - [Heartbeat] updateDiskInfo成功 节点=2
2026-08-28 16:06:54 [http-nio-9091-exec-3] INFO  c.o.server.controller.NodeController - [Heartbeat] 节点=1 diskInfoJson=[{"mountPoint":"/","totalGB":1007,"usedGB":10,"fre
2026-08-28 16:06:54 [http-nio-9091-exec-3] INFO  c.o.server.controller.NodeController - [Heartbeat] updateDiskInfo成功 节点=1
2026-08-28 16:07:23 [pool-8-thread-1] INFO  c.o.s.m.s.MonitorCollectorScheduler - 监控采集已启动 taskId=b39730e7bb854154
2026-08-28 16:07:53 [http-nio-9091-exec-7] INFO  c.o.server.controller.NodeController - [Heartbeat] 节点=3 diskInfoJson=[{"mountPoint":"/","totalGB":1007,"usedGB":10,"fre
2026-08-28 16:07:53 [http-nio-9091-exec-7] INFO  c.o.server.controller.NodeController - [Heartbeat] updateDiskInfo成功 节点=3
2026-08-28 16:07:53 [http-nio-9091-exec-7] DEBUG c.o.server.controller.NodeController - 监控快照 节点=3 项目=1 进程=RUNNING 健康=UP PID=60 主机CPU=1.1% 进程CPU=0.0% 主机内存=28% 进程内存=4MB 堆=47/311MB 磁盘=1% 详情=Agent主动上报
2026-08-28 16:07:54 [http-nio-9091-exec-6] INFO  c.o.server.controller.NodeController - [Heartbeat] 节点=2 diskInfoJson=[{"mountPoint":"/","totalGB":1007,"usedGB":10,"fre
2026-08-28 16:07:54 [http-nio-9091-exec-6] INFO  c.o.server.controller.NodeController - [Heartbeat] updateDiskInfo成功 节点=2
2026-08-28 16:07:54 [http-nio-9091-exec-1] INFO  c.o.server.controller.NodeController - [Heartbeat] 节点=1 diskInfoJson=[{"mountPoint":"/","totalGB":1007,"usedGB":10,"fre
2026-08-28 16:07:54 [http-nio-9091-exec-1] INFO  c.o.server.controller.NodeController - [Heartbeat] updateDiskInfo成功 节点=1
2026-08-28 16:08:23 [pool-8-thread-1] INFO  c.o.s.m.s.MonitorCollectorScheduler - 监控采集已启动 taskId=0f8aac00924e4b4d
2026-08-28 16:08:53 [http-nio-9091-exec-2] INFO  c.o.server.controller.NodeController - [Heartbeat] 节点=3 diskInfoJson=[{"mountPoint":"/","totalGB":1007,"usedGB":10,"fre
2026-08-28 16:08:53 [http-nio-9091-exec-2] INFO  c.o.server.controller.NodeController - [Heartbeat] updateDiskInfo成功 节点=3
2026-08-28 16:08:53 [http-nio-9091-exec-2] DEBUG c.o.server.controller.NodeController - 监控快照 节点=3 项目=1 进程=RUNNING 健康=UP PID=60 主机CPU=1.0% 进程CPU=0.0% 主机内存=28% 进程内存=4MB 堆=49/311MB 磁盘=1% 详情=Agent主动上报
2026-08-28 16:08:54 [http-nio-9091-exec-7] INFO  c.o.server.controller.NodeController - [Heartbeat] 节点=2 diskInfoJson=[{"mountPoint":"/","totalGB":1007,"usedGB":10,"fre
2026-08-28 16:08:54 [http-nio-9091-exec-7] INFO  c.o.server.controller.NodeController - [Heartbeat] updateDiskInfo成功 节点=2
2026-08-28 16:08:54 [http-nio-9091-exec-6] INFO  c.o.server.controller.NodeController - [Heartbeat] 节点=1 diskInfoJson=[{"mountPoint":"/","totalGB":1007,"usedGB":10,"fre
2026-08-28 16:08:54 [http-nio-9091-exec-6] INFO  c.o.server.controller.NodeController - [Heartbeat] updateDiskInfo成功 节点=1
2026-08-28 16:09:23 [pool-8-thread-1] INFO  c.o.s.m.s.MonitorCollectorScheduler - 监控采集已启动 taskId=4b80d6b7859e426f
2026-08-28 16:09:53 [http-nio-9091-exec-10] INFO  c.o.server.controller.NodeController - [Heartbeat] 节点=3 diskInfoJson=[{"mountPoint":"/","totalGB":1007,"usedGB":10,"fre
2026-08-28 16:09:53 [http-nio-9091-exec-10] INFO  c.o.server.controller.NodeController - [Heartbeat] updateDiskInfo成功 节点=3
2026-08-28 16:09:53 [http-nio-9091-exec-10] DEBUG c.o.server.controller.NodeController - 监控快照 节点=3 项目=1 进程=RUNNING 健康=UP PID=60 主机CPU=1.0% 进程CPU=0.0% 主机内存=29% 进程内存=4MB 堆=49/311MB 磁盘=1% 详情=Agent主动上报
2026-08-28 16:09:54 [http-nio-9091-exec-2] INFO  c.o.server.controller.NodeController - [Heartbeat] 节点=2 diskInfoJson=[{"mountPoint":"/","totalGB":1007,"usedGB":10,"fre
2026-08-28 16:09:54 [http-nio-9091-exec-2] INFO  c.o.server.controller.NodeController - [Heartbeat] updateDiskInfo成功 节点=2
2026-08-28 16:09:54 [http-nio-9091-exec-7] INFO  c.o.server.controller.NodeController - [Heartbeat] 节点=1 diskInfoJson=[{"mountPoint":"/","totalGB":1007,"usedGB":10,"fre
2026-08-28 16:09:54 [http-nio-9091-exec-7] INFO  c.o.server.controller.NodeController - [Heartbeat] updateDiskInfo成功 节点=1
2026-08-28 16:10:23 [pool-8-thread-1] INFO  c.o.s.m.s.MonitorCollectorScheduler - 监控采集已启动 taskId=7674eb5e2115413f
2026-08-28 16:10:53 [http-nio-9091-exec-9] INFO  c.o.server.controller.NodeController - [Heartbeat] 节点=3 diskInfoJson=[{"mountPoint":"/","totalGB":1007,"usedGB":10,"fre
2026-08-28 16:10:53 [http-nio-9091-exec-9] INFO  c.o.server.controller.NodeController - [Heartbeat] updateDiskInfo成功 节点=3
2026-08-28 16:10:53 [http-nio-9091-exec-9] DEBUG c.o.server.controller.NodeController - 监控快照 节点=3 项目=1 进程=RUNNING 健康=UP PID=60 主机CPU=0.8% 进程CPU=0.0% 主机内存=28% 进程内存=4MB 堆=49/311MB 磁盘=1% 详情=Agent主动上报
2026-08-28 16:10:54 [http-nio-9091-exec-10] INFO  c.o.server.controller.NodeController - [Heartbeat] 节点=2 diskInfoJson=[{"mountPoint":"/","totalGB":1007,"usedGB":10,"fre
2026-08-28 16:10:54 [http-nio-9091-exec-10] INFO  c.o.server.controller.NodeController - [Heartbeat] updateDiskInfo成功 节点=2
2026-08-28 16:10:54 [http-nio-9091-exec-2] INFO  c.o.server.controller.NodeController - [Heartbeat] 节点=1 diskInfoJson=[{"mountPoint":"/","totalGB":1007,"usedGB":10,"fre
2026-08-28 16:10:54 [http-nio-9091-exec-2] INFO  c.o.server.controller.NodeController - [Heartbeat] updateDiskInfo成功 节点=1
2026-08-28 16:11:23 [pool-8-thread-1] INFO  c.o.s.m.s.MonitorCollectorScheduler - 监控采集已启动 taskId=d6294561acba49ab
2026-08-28 16:11:38 [http-nio-9091-exec-9] INFO  c.o.server.controller.NodeController - [Heartbeat] 节点=3 diskInfoJson=[{"mountPoint":"/","totalGB":1007,"usedGB":10,"fre
2026-08-28 16:11:38 [http-nio-9091-exec-9] INFO  c.o.server.controller.NodeController - [Heartbeat] updateDiskInfo成功 节点=3
2026-08-28 16:11:38 [http-nio-9091-exec-9] DEBUG c.o.server.controller.NodeController - 监控快照 节点=3 项目=1 进程=STOPPED 健康=DOWN PID=null 主机CPU=0.0% 进程CPU=0.0% 主机内存=21% 进程内存=426MB 堆=null/nullMB 磁盘=1% 详情=应用进程已停止
2026-08-28 16:11:54 [http-nio-9091-exec-2] INFO  c.o.server.controller.NodeController - [Heartbeat] 节点=2 diskInfoJson=[{"mountPoint":"/","totalGB":1007,"usedGB":10,"fre
2026-08-28 16:11:54 [http-nio-9091-exec-2] INFO  c.o.server.controller.NodeController - [Heartbeat] updateDiskInfo成功 节点=2
2026-08-28 16:11:54 [http-nio-9091-exec-7] INFO  c.o.server.controller.NodeController - [Heartbeat] 节点=1 diskInfoJson=[{"mountPoint":"/","totalGB":1007,"usedGB":10,"fre
2026-08-28 16:11:54 [http-nio-9091-exec-7] INFO  c.o.server.controller.NodeController - [Heartbeat] updateDiskInfo成功 节点=1
2026-08-28 16:12:23 [pool-8-thread-1] INFO  c.o.s.m.s.MonitorCollectorScheduler - 监控采集已启动 taskId=c5466528fb044ac3
2026-08-28 16:12:38 [http-nio-9091-exec-8] INFO  c.o.server.controller.NodeController - [Heartbeat] 节点=3 diskInfoJson=[{"mountPoint":"/","totalGB":1007,"usedGB":10,"fre
2026-08-28 16:12:38 [http-nio-9091-exec-8] INFO  c.o.server.controller.NodeController - [Heartbeat] updateDiskInfo成功 节点=3
2026-08-28 16:12:38 [http-nio-9091-exec-8] DEBUG c.o.server.controller.NodeController - 监控快照 节点=3 项目=1 进程=RUNNING 健康=UP PID=85 主机CPU=3.7% 进程CPU=39.4% 主机内存=25% 进程内存=258MB 堆=106/157MB 磁盘=1% 详情=Agent主动上报
2026-08-28 16:12:54 [http-nio-9091-exec-10] INFO  c.o.server.controller.NodeController - [Heartbeat] 节点=2 diskInfoJson=[{"mountPoint":"/","totalGB":1007,"usedGB":10,"fre
2026-08-28 16:12:54 [http-nio-9091-exec-10] INFO  c.o.server.controller.NodeController - [Heartbeat] updateDiskInfo成功 节点=2
2026-08-28 16:12:54 [http-nio-9091-exec-2] INFO  c.o.server.controller.NodeController - [Heartbeat] 节点=1 diskInfoJson=[{"mountPoint":"/","totalGB":1007,"usedGB":10,"fre
2026-08-28 16:12:54 [http-nio-9091-exec-2] INFO  c.o.server.controller.NodeController - [Heartbeat] updateDiskInfo成功 节点=1
2026-08-28 16:13:23 [pool-8-thread-1] INFO  c.o.s.m.s.MonitorCollectorScheduler - 监控采集已启动 taskId=6d4eb1440c344901
2026-08-28 16:13:38 [http-nio-9091-exec-10] INFO  c.o.server.controller.NodeController - [Heartbeat] 节点=3 diskInfoJson=[{"mountPoint":"/","totalGB":1007,"usedGB":10,"fre
2026-08-28 16:13:38 [http-nio-9091-exec-10] INFO  c.o.server.controller.NodeController - [Heartbeat] updateDiskInfo成功 节点=3
2026-08-28 16:13:38 [http-nio-9091-exec-10] DEBUG c.o.server.controller.NodeController - 监控快照 节点=3 项目=1 进程=RUNNING 健康=UP PID=85 主机CPU=1.0% 进程CPU=11.5% 主机内存=25% 进程内存=259MB 堆=107/157MB 磁盘=1% 详情=Agent主动上报
2026-08-28 16:13:54 [http-nio-9091-exec-7] INFO  c.o.server.controller.NodeController - [Heartbeat] 节点=2 diskInfoJson=[{"mountPoint":"/","totalGB":1007,"usedGB":10,"fre
2026-08-28 16:13:54 [http-nio-9091-exec-7] INFO  c.o.server.controller.NodeController - [Heartbeat] updateDiskInfo成功 节点=2
2026-08-28 16:13:54 [http-nio-9091-exec-6] INFO  c.o.server.controller.NodeController - [Heartbeat] 节点=1 diskInfoJson=[{"mountPoint":"/","totalGB":1007,"usedGB":10,"fre
2026-08-28 16:13:54 [http-nio-9091-exec-6] INFO  c.o.server.controller.NodeController - [Heartbeat] updateDiskInfo成功 节点=1
2026-08-28 16:14:23 [pool-8-thread-1] INFO  c.o.s.m.s.MonitorCollectorScheduler - 监控采集已启动 taskId=0055f52f4a534e33
2026-08-28 16:14:38 [http-nio-9091-exec-9] INFO  c.o.server.controller.NodeController - [Heartbeat] 节点=3 diskInfoJson=[{"mountPoint":"/","totalGB":1007,"usedGB":10,"fre
2026-08-28 16:14:38 [http-nio-9091-exec-9] INFO  c.o.server.controller.NodeController - [Heartbeat] updateDiskInfo成功 节点=3
2026-08-28 16:14:38 [http-nio-9091-exec-9] DEBUG c.o.server.controller.NodeController - 监控快照 节点=3 项目=1 进程=RUNNING 健康=UP PID=85 主机CPU=0.9% 进程CPU=6.7% 主机内存=25% 进程内存=259MB 堆=108/157MB 磁盘=1% 详情=Agent主动上报
2026-08-28 16:14:54 [http-nio-9091-exec-2] INFO  c.o.server.controller.NodeController - [Heartbeat] 节点=2 diskInfoJson=[{"mountPoint":"/","totalGB":1007,"usedGB":10,"fre
2026-08-28 16:14:54 [http-nio-9091-exec-2] INFO  c.o.server.controller.NodeController - [Heartbeat] updateDiskInfo成功 节点=2
2026-08-28 16:14:54 [http-nio-9091-exec-7] INFO  c.o.server.controller.NodeController - [Heartbeat] 节点=1 diskInfoJson=[{"mountPoint":"/","totalGB":1007,"usedGB":10,"fre
2026-08-28 16:14:54 [http-nio-9091-exec-7] INFO  c.o.server.controller.NodeController - [Heartbeat] updateDiskInfo成功 节点=1
2026-08-28 16:15:23 [pool-8-thread-1] INFO  c.o.s.m.s.MonitorCollectorScheduler - 监控采集已启动 taskId=35352c293d854bf2
2026-08-28 16:15:38 [http-nio-9091-exec-8] INFO  c.o.server.controller.NodeController - [Heartbeat] 节点=3 diskInfoJson=[{"mountPoint":"/","totalGB":1007,"usedGB":10,"fre
2026-08-28 16:15:38 [http-nio-9091-exec-8] INFO  c.o.server.controller.NodeController - [Heartbeat] updateDiskInfo成功 节点=3
2026-08-28 16:15:38 [http-nio-9091-exec-8] DEBUG c.o.server.controller.NodeController - 监控快照 节点=3 项目=1 进程=RUNNING 健康=UP PID=85 主机CPU=0.9% 进程CPU=4.8% 主机内存=25% 进程内存=260MB 堆=109/157MB 磁盘=1% 详情=Agent主动上报
2026-08-28 16:15:54 [http-nio-9091-exec-10] INFO  c.o.server.controller.NodeController - [Heartbeat] 节点=2 diskInfoJson=[{"mountPoint":"/","totalGB":1007,"usedGB":10,"fre
2026-08-28 16:15:54 [http-nio-9091-exec-10] INFO  c.o.server.controller.NodeController - [Heartbeat] updateDiskInfo成功 节点=2
2026-08-28 16:15:54 [http-nio-9091-exec-2] INFO  c.o.server.controller.NodeController - [Heartbeat] 节点=1 diskInfoJson=[{"mountPoint":"/","totalGB":1007,"usedGB":10,"fre
2026-08-28 16:15:54 [http-nio-9091-exec-2] INFO  c.o.server.controller.NodeController - [Heartbeat] updateDiskInfo成功 节点=1
2026-08-28 16:16:23 [pool-8-thread-1] INFO  c.o.s.m.s.MonitorCollectorScheduler - 监控采集已启动 taskId=d4c450676e384413
2026-08-28 16:16:38 [http-nio-9091-exec-4] INFO  c.o.server.controller.NodeController - [Heartbeat] 节点=3 diskInfoJson=[{"mountPoint":"/","totalGB":1007,"usedGB":10,"fre
2026-08-28 16:16:38 [http-nio-9091-exec-4] INFO  c.o.server.controller.NodeController - [Heartbeat] updateDiskInfo成功 节点=3
2026-08-28 16:16:38 [http-nio-9091-exec-4] DEBUG c.o.server.controller.NodeController - 监控快照 节点=3 项目=1 进程=RUNNING 健康=UP PID=85 主机CPU=0.9% 进程CPU=3.7% 主机内存=25% 进程内存=260MB 堆=110/157MB 磁盘=1% 详情=Agent主动上报
2026-08-28 16:16:54 [http-nio-9091-exec-9] INFO  c.o.server.controller.NodeController - [Heartbeat] 节点=2 diskInfoJson=[{"mountPoint":"/","totalGB":1007,"usedGB":10,"fre
2026-08-28 16:16:54 [http-nio-9091-exec-9] INFO  c.o.server.controller.NodeController - [Heartbeat] updateDiskInfo成功 节点=2
2026-08-28 16:16:54 [http-nio-9091-exec-10] INFO  c.o.server.controller.NodeController - [Heartbeat] 节点=1 diskInfoJson=[{"mountPoint":"/","totalGB":1007,"usedGB":10,"fre
2026-08-28 16:16:54 [http-nio-9091-exec-10] INFO  c.o.server.controller.NodeController - [Heartbeat] updateDiskInfo成功 节点=1
2026-08-28 16:17:23 [pool-8-thread-1] INFO  c.o.s.m.s.MonitorCollectorScheduler - 监控采集已启动 taskId=a0d07d1881fe4aed
2026-08-28 16:17:38 [http-nio-9091-exec-5] INFO  c.o.server.controller.NodeController - [Heartbeat] 节点=3 diskInfoJson=[{"mountPoint":"/","totalGB":1007,"usedGB":10,"fre
2026-08-28 16:17:38 [http-nio-9091-exec-5] INFO  c.o.server.controller.NodeController - [Heartbeat] updateDiskInfo成功 节点=3
2026-08-28 16:17:38 [http-nio-9091-exec-5] DEBUG c.o.server.controller.NodeController - 监控快照 节点=3 项目=1 进程=RUNNING 健康=UP PID=85 主机CPU=0.8% 进程CPU=3.1% 主机内存=25% 进程内存=261MB 堆=111/157MB 磁盘=1% 详情=Agent主动上报
2026-08-28 16:17:54 [http-nio-9091-exec-8] INFO  c.o.server.controller.NodeController - [Heartbeat] 节点=2 diskInfoJson=[{"mountPoint":"/","totalGB":1007,"usedGB":10,"fre
2026-08-28 16:17:54 [http-nio-9091-exec-8] INFO  c.o.server.controller.NodeController - [Heartbeat] updateDiskInfo成功 节点=2
2026-08-28 16:17:54 [http-nio-9091-exec-9] INFO  c.o.server.controller.NodeController - [Heartbeat] 节点=1 diskInfoJson=[{"mountPoint":"/","totalGB":1007,"usedGB":10,"fre
2026-08-28 16:17:54 [http-nio-9091-exec-9] INFO  c.o.server.controller.NodeController - [Heartbeat] updateDiskInfo成功 节点=1
2026-08-28 16:18:23 [pool-8-thread-1] INFO  c.o.s.m.s.MonitorCollectorScheduler - 监控采集已启动 taskId=170a1ace118741e1
2026-08-28 16:18:38 [http-nio-9091-exec-3] INFO  c.o.server.controller.NodeController - [Heartbeat] 节点=3 diskInfoJson=[{"mountPoint":"/","totalGB":1007,"usedGB":10,"fre
2026-08-28 16:18:38 [http-nio-9091-exec-3] INFO  c.o.server.controller.NodeController - [Heartbeat] updateDiskInfo成功 节点=3
2026-08-28 16:18:38 [http-nio-9091-exec-3] DEBUG c.o.server.controller.NodeController - 监控快照 节点=3 项目=1 进程=RUNNING 健康=UP PID=85 主机CPU=0.8% 进程CPU=2.6% 主机内存=25% 进程内存=268MB 堆=14/180MB 磁盘=1% 详情=Agent主动上报
2026-08-28 16:18:54 [http-nio-9091-exec-4] INFO  c.o.server.controller.NodeController - [Heartbeat] 节点=2 diskInfoJson=[{"mountPoint":"/","totalGB":1007,"usedGB":10,"fre
2026-08-28 16:18:54 [http-nio-9091-exec-4] INFO  c.o.server.controller.NodeController - [Heartbeat] updateDiskInfo成功 节点=2
2026-08-28 16:18:54 [http-nio-9091-exec-8] INFO  c.o.server.controller.NodeController - [Heartbeat] 节点=1 diskInfoJson=[{"mountPoint":"/","totalGB":1007,"usedGB":10,"fre
2026-08-28 16:18:54 [http-nio-9091-exec-8] INFO  c.o.server.controller.NodeController - [Heartbeat] updateDiskInfo成功 节点=1
2026-08-28 16:19:23 [pool-8-thread-1] INFO  c.o.s.m.s.MonitorCollectorScheduler - 监控采集已启动 taskId=55342330dcc34a5c
2026-08-28 16:19:38 [http-nio-9091-exec-1] INFO  c.o.server.controller.NodeController - [Heartbeat] 节点=3 diskInfoJson=[{"mountPoint":"/","totalGB":1007,"usedGB":10,"fre
2026-08-28 16:19:38 [http-nio-9091-exec-1] INFO  c.o.server.controller.NodeController - [Heartbeat] updateDiskInfo成功 节点=3
2026-08-28 16:19:38 [http-nio-9091-exec-1] DEBUG c.o.server.controller.NodeController - 监控快照 节点=3 项目=1 进程=RUNNING 健康=UP PID=85 主机CPU=0.8% 进程CPU=2.3% 主机内存=25% 进程内存=268MB 堆=15/180MB 磁盘=1% 详情=Agent主动上报
2026-08-28 16:19:54 [http-nio-9091-exec-5] INFO  c.o.server.controller.NodeController - [Heartbeat] 节点=2 diskInfoJson=[{"mountPoint":"/","totalGB":1007,"usedGB":10,"fre
2026-08-28 16:19:54 [http-nio-9091-exec-5] INFO  c.o.server.controller.NodeController - [Heartbeat] updateDiskInfo成功 节点=2
2026-08-28 16:19:54 [http-nio-9091-exec-4] INFO  c.o.server.controller.NodeController - [Heartbeat] 节点=1 diskInfoJson=[{"mountPoint":"/","totalGB":1007,"usedGB":10,"fre
2026-08-28 16:19:54 [http-nio-9091-exec-4] INFO  c.o.server.controller.NodeController - [Heartbeat] updateDiskInfo成功 节点=1
2026-08-28 16:20:24 [pool-8-thread-1] INFO  c.o.s.m.s.MonitorCollectorScheduler - 监控采集已启动 taskId=454ad7b6ee984fbf
2026-08-28 16:20:38 [http-nio-9091-exec-6] INFO  c.o.server.controller.NodeController - [Heartbeat] 节点=3 diskInfoJson=[{"mountPoint":"/","totalGB":1007,"usedGB":10,"fre
2026-08-28 16:20:38 [http-nio-9091-exec-6] INFO  c.o.server.controller.NodeController - [Heartbeat] updateDiskInfo成功 节点=3
2026-08-28 16:20:38 [http-nio-9091-exec-6] DEBUG c.o.server.controller.NodeController - 监控快照 节点=3 项目=1 进程=RUNNING 健康=UP PID=85 主机CPU=1.0% 进程CPU=2.0% 主机内存=24% 进程内存=268MB 堆=17/180MB 磁盘=1% 详情=Agent主动上报
2026-08-28 16:20:54 [http-nio-9091-exec-3] INFO  c.o.server.controller.NodeController - [Heartbeat] 节点=2 diskInfoJson=[{"mountPoint":"/","totalGB":1007,"usedGB":10,"fre
2026-08-28 16:20:54 [http-nio-9091-exec-3] INFO  c.o.server.controller.NodeController - [Heartbeat] updateDiskInfo成功 节点=2
2026-08-28 16:20:54 [http-nio-9091-exec-5] INFO  c.o.server.controller.NodeController - [Heartbeat] 节点=1 diskInfoJson=[{"mountPoint":"/","totalGB":1007,"usedGB":10,"fre
2026-08-28 16:20:54 [http-nio-9091-exec-5] INFO  c.o.server.controller.NodeController - [Heartbeat] updateDiskInfo成功 节点=1
2026-08-28 16:21:24 [pool-8-thread-1] INFO  c.o.s.m.s.MonitorCollectorScheduler - 监控采集已启动 taskId=37140749793541c3
2026-08-28 16:21:38 [http-nio-9091-exec-7] INFO  c.o.server.controller.NodeController - [Heartbeat] 节点=3 diskInfoJson=[{"mountPoint":"/","totalGB":1007,"usedGB":10,"fre
2026-08-28 16:21:38 [http-nio-9091-exec-7] INFO  c.o.server.controller.NodeController - [Heartbeat] updateDiskInfo成功 节点=3
2026-08-28 16:21:38 [http-nio-9091-exec-7] DEBUG c.o.server.controller.NodeController - 监控快照 节点=3 项目=1 进程=RUNNING 健康=UP PID=85 主机CPU=0.8% 进程CPU=1.8% 主机内存=25% 进程内存=268MB 堆=18/180MB 磁盘=1% 详情=Agent主动上报
2026-08-28 16:21:54 [http-nio-9091-exec-1] INFO  c.o.server.controller.NodeController - [Heartbeat] 节点=2 diskInfoJson=[{"mountPoint":"/","totalGB":1007,"usedGB":10,"fre
2026-08-28 16:21:54 [http-nio-9091-exec-1] INFO  c.o.server.controller.NodeController - [Heartbeat] updateDiskInfo成功 节点=2
2026-08-28 16:21:54 [http-nio-9091-exec-3] INFO  c.o.server.controller.NodeController - [Heartbeat] 节点=1 diskInfoJson=[{"mountPoint":"/","totalGB":1007,"usedGB":10,"fre
2026-08-28 16:21:54 [http-nio-9091-exec-3] INFO  c.o.server.controller.NodeController - [Heartbeat] updateDiskInfo成功 节点=1
2026-08-28 16:22:24 [pool-8-thread-1] INFO  c.o.s.m.s.MonitorCollectorScheduler - 监控采集已启动 taskId=42980bc8230a40bf
2026-08-28 16:22:38 [http-nio-9091-exec-2] INFO  c.o.server.controller.NodeController - [Heartbeat] 节点=3 diskInfoJson=[{"mountPoint":"/","totalGB":1007,"usedGB":10,"fre
2026-08-28 16:22:38 [http-nio-9091-exec-2] INFO  c.o.server.controller.NodeController - [Heartbeat] updateDiskInfo成功 节点=3
2026-08-28 16:22:38 [http-nio-9091-exec-2] DEBUG c.o.server.controller.NodeController - 监控快照 节点=3 项目=1 进程=RUNNING 健康=UP PID=85 主机CPU=1.0% 进程CPU=1.6% 主机内存=25% 进程内存=268MB 堆=19/180MB 磁盘=1% 详情=Agent主动上报
2026-08-28 16:22:53 [http-nio-9091-exec-6] INFO  c.o.server.controller.NodeController - [Heartbeat] 节点=2 diskInfoJson=[{"mountPoint":"/","totalGB":1007,"usedGB":10,"fre
2026-08-28 16:22:53 [http-nio-9091-exec-6] INFO  c.o.server.controller.NodeController - [Heartbeat] updateDiskInfo成功 节点=2
2026-08-28 16:22:54 [http-nio-9091-exec-1] INFO  c.o.server.controller.NodeController - [Heartbeat] 节点=1 diskInfoJson=[{"mountPoint":"/","totalGB":1007,"usedGB":10,"fre
2026-08-28 16:22:54 [http-nio-9091-exec-1] INFO  c.o.server.controller.NodeController - [Heartbeat] updateDiskInfo成功 节点=1
2026-08-28 16:23:24 [pool-8-thread-1] INFO  c.o.s.m.s.MonitorCollectorScheduler - 监控采集已启动 taskId=3be9bf389f9545df
2026-08-28 16:23:38 [http-nio-9091-exec-10] INFO  c.o.server.controller.NodeController - [Heartbeat] 节点=3 diskInfoJson=[{"mountPoint":"/","totalGB":1007,"usedGB":10,"fre
2026-08-28 16:23:38 [http-nio-9091-exec-10] INFO  c.o.server.controller.NodeController - [Heartbeat] updateDiskInfo成功 节点=3
2026-08-28 16:23:38 [http-nio-9091-exec-10] DEBUG c.o.server.controller.NodeController - 监控快照 节点=3 项目=1 进程=RUNNING 健康=UP PID=85 主机CPU=0.8% 进程CPU=1.5% 主机内存=24% 进程内存=268MB 堆=20/180MB 磁盘=1% 详情=Agent主动上报
2026-08-28 16:23:53 [http-nio-9091-exec-7] INFO  c.o.server.controller.NodeController - [Heartbeat] 节点=2 diskInfoJson=[{"mountPoint":"/","totalGB":1007,"usedGB":10,"fre
2026-08-28 16:23:53 [http-nio-9091-exec-7] INFO  c.o.server.controller.NodeController - [Heartbeat] updateDiskInfo成功 节点=2
2026-08-28 16:23:54 [http-nio-9091-exec-6] INFO  c.o.server.controller.NodeController - [Heartbeat] 节点=1 diskInfoJson=[{"mountPoint":"/","totalGB":1007,"usedGB":10,"fre
2026-08-28 16:23:54 [http-nio-9091-exec-6] INFO  c.o.server.controller.NodeController - [Heartbeat] updateDiskInfo成功 节点=1
2026-08-28 16:24:24 [pool-8-thread-1] INFO  c.o.s.m.s.MonitorCollectorScheduler - 监控采集已启动 taskId=96eb0ccfa3c44fac
2026-08-28 16:24:38 [http-nio-9091-exec-9] INFO  c.o.server.controller.NodeController - [Heartbeat] 节点=3 diskInfoJson=[{"mountPoint":"/","totalGB":1007,"usedGB":10,"fre
2026-08-28 16:24:38 [http-nio-9091-exec-9] INFO  c.o.server.controller.NodeController - [Heartbeat] updateDiskInfo成功 节点=3
2026-08-28 16:24:38 [http-nio-9091-exec-9] DEBUG c.o.server.controller.NodeController - 监控快照 节点=3 项目=1 进程=RUNNING 健康=UP PID=85 主机CPU=0.8% 进程CPU=1.4% 主机内存=25% 进程内存=268MB 堆=20/180MB 磁盘=1% 详情=Agent主动上报
2026-08-28 16:24:53 [http-nio-9091-exec-2] INFO  c.o.server.controller.NodeController - [Heartbeat] 节点=2 diskInfoJson=[{"mountPoint":"/","totalGB":1007,"usedGB":10,"fre
2026-08-28 16:24:53 [http-nio-9091-exec-2] INFO  c.o.server.controller.NodeController - [Heartbeat] updateDiskInfo成功 节点=2
2026-08-28 16:24:54 [http-nio-9091-exec-7] INFO  c.o.server.controller.NodeController - [Heartbeat] 节点=1 diskInfoJson=[{"mountPoint":"/","totalGB":1007,"usedGB":10,"fre
2026-08-28 16:24:54 [http-nio-9091-exec-7] INFO  c.o.server.controller.NodeController - [Heartbeat] updateDiskInfo成功 节点=1
2026-08-28 16:25:24 [pool-8-thread-1] INFO  c.o.s.m.s.MonitorCollectorScheduler - 监控采集已启动 taskId=f3c3e7fc67374a06
2026-08-28 16:25:38 [http-nio-9091-exec-8] INFO  c.o.server.controller.NodeController - [Heartbeat] 节点=3 diskInfoJson=[{"mountPoint":"/","totalGB":1007,"usedGB":10,"fre
2026-08-28 16:25:38 [http-nio-9091-exec-8] INFO  c.o.server.controller.NodeController - [Heartbeat] updateDiskInfo成功 节点=3
2026-08-28 16:25:38 [http-nio-9091-exec-8] DEBUG c.o.server.controller.NodeController - 监控快照 节点=3 项目=1 进程=RUNNING 健康=UP PID=85 主机CPU=0.8% 进程CPU=1.3% 主机内存=24% 进程内存=268MB 堆=21/180MB 磁盘=1% 详情=Agent主动上报
2026-08-28 16:25:53 [http-nio-9091-exec-10] INFO  c.o.server.controller.NodeController - [Heartbeat] 节点=2 diskInfoJson=[{"mountPoint":"/","totalGB":1007,"usedGB":10,"fre
2026-08-28 16:25:53 [http-nio-9091-exec-10] INFO  c.o.server.controller.NodeController - [Heartbeat] updateDiskInfo成功 节点=2
2026-08-28 16:25:54 [http-nio-9091-exec-2] INFO  c.o.server.controller.NodeController - [Heartbeat] 节点=1 diskInfoJson=[{"mountPoint":"/","totalGB":1007,"usedGB":10,"fre
2026-08-28 16:25:54 [http-nio-9091-exec-2] INFO  c.o.server.controller.NodeController - [Heartbeat] updateDiskInfo成功 节点=1
2026-08-28 16:26:24 [pool-8-thread-1] INFO  c.o.s.m.s.MonitorCollectorScheduler - 监控采集已启动 taskId=ca77e81be92b4db6
2026-08-28 16:26:38 [http-nio-9091-exec-4] INFO  c.o.server.controller.NodeController - [Heartbeat] 节点=3 diskInfoJson=[{"mountPoint":"/","totalGB":1007,"usedGB":10,"fre
2026-08-28 16:26:38 [http-nio-9091-exec-4] INFO  c.o.server.controller.NodeController - [Heartbeat] updateDiskInfo成功 节点=3
2026-08-28 16:26:38 [http-nio-9091-exec-4] DEBUG c.o.server.controller.NodeController - 监控快照 节点=3 项目=1 进程=RUNNING 健康=UP PID=85 主机CPU=0.9% 进程CPU=1.2% 主机内存=25% 进程内存=268MB 堆=21/180MB 磁盘=1% 详情=Agent主动上报
2026-08-28 16:26:53 [http-nio-9091-exec-9] INFO  c.o.server.controller.NodeController - [Heartbeat] 节点=2 diskInfoJson=[{"mountPoint":"/","totalGB":1007,"usedGB":10,"fre
2026-08-28 16:26:53 [http-nio-9091-exec-9] INFO  c.o.server.controller.NodeController - [Heartbeat] updateDiskInfo成功 节点=2
2026-08-28 16:26:54 [http-nio-9091-exec-10] INFO  c.o.server.controller.NodeController - [Heartbeat] 节点=1 diskInfoJson=[{"mountPoint":"/","totalGB":1007,"usedGB":10,"fre
2026-08-28 16:26:54 [http-nio-9091-exec-10] INFO  c.o.server.controller.NodeController - [Heartbeat] updateDiskInfo成功 节点=1
2026-08-28 16:27:24 [pool-8-thread-1] INFO  c.o.s.m.s.MonitorCollectorScheduler - 监控采集已启动 taskId=b8e75ffedc9a41c8
2026-08-28 16:27:38 [http-nio-9091-exec-5] INFO  c.o.server.controller.NodeController - [Heartbeat] 节点=3 diskInfoJson=[{"mountPoint":"/","totalGB":1007,"usedGB":10,"fre
2026-08-28 16:27:38 [http-nio-9091-exec-5] INFO  c.o.server.controller.NodeController - [Heartbeat] updateDiskInfo成功 节点=3
2026-08-28 16:27:38 [http-nio-9091-exec-5] DEBUG c.o.server.controller.NodeController - 监控快照 节点=3 项目=1 进程=RUNNING 健康=UP PID=85 主机CPU=0.9% 进程CPU=1.2% 主机内存=25% 进程内存=270MB 堆=21/180MB 磁盘=1% 详情=Agent主动上报
2026-08-28 16:27:53 [http-nio-9091-exec-8] INFO  c.o.server.controller.NodeController - [Heartbeat] 节点=2 diskInfoJson=[{"mountPoint":"/","totalGB":1007,"usedGB":10,"fre
2026-08-28 16:27:53 [http-nio-9091-exec-8] INFO  c.o.server.controller.NodeController - [Heartbeat] updateDiskInfo成功 节点=2
2026-08-28 16:27:54 [http-nio-9091-exec-9] INFO  c.o.server.controller.NodeController - [Heartbeat] 节点=1 diskInfoJson=[{"mountPoint":"/","totalGB":1007,"usedGB":10,"fre
2026-08-28 16:27:54 [http-nio-9091-exec-9] INFO  c.o.server.controller.NodeController - [Heartbeat] updateDiskInfo成功 节点=1
2026-08-28 16:28:24 [pool-8-thread-1] INFO  c.o.s.m.s.MonitorCollectorScheduler - 监控采集已启动 taskId=574694e2d8bb4b93
2026-08-28 16:28:38 [http-nio-9091-exec-3] INFO  c.o.server.controller.NodeController - [Heartbeat] 节点=3 diskInfoJson=[{"mountPoint":"/","totalGB":1007,"usedGB":10,"fre
2026-08-28 16:28:38 [http-nio-9091-exec-3] INFO  c.o.server.controller.NodeController - [Heartbeat] updateDiskInfo成功 节点=3
2026-08-28 16:28:38 [http-nio-9091-exec-3] DEBUG c.o.server.controller.NodeController - 监控快照 节点=3 项目=1 进程=RUNNING 健康=UP PID=85 主机CPU=0.9% 进程CPU=1.1% 主机内存=25% 进程内存=270MB 堆=22/180MB 磁盘=1% 详情=Agent主动上报
2026-08-28 16:28:53 [http-nio-9091-exec-4] INFO  c.o.server.controller.NodeController - [Heartbeat] 节点=2 diskInfoJson=[{"mountPoint":"/","totalGB":1007,"usedGB":10,"fre
2026-08-28 16:28:53 [http-nio-9091-exec-4] INFO  c.o.server.controller.NodeController - [Heartbeat] updateDiskInfo成功 节点=2
2026-08-28 16:28:54 [http-nio-9091-exec-8] INFO  c.o.server.controller.NodeController - [Heartbeat] 节点=1 diskInfoJson=[{"mountPoint":"/","totalGB":1007,"usedGB":10,"fre
2026-08-28 16:28:54 [http-nio-9091-exec-8] INFO  c.o.server.controller.NodeController - [Heartbeat] updateDiskInfo成功 节点=1
2026-08-28 16:29:24 [pool-8-thread-1] INFO  c.o.s.m.s.MonitorCollectorScheduler - 监控采集已启动 taskId=c7f05bff9bd245f0
2026-08-28 16:29:38 [http-nio-9091-exec-1] INFO  c.o.server.controller.NodeController - [Heartbeat] 节点=3 diskInfoJson=[{"mountPoint":"/","totalGB":1007,"usedGB":10,"fre
2026-08-28 16:29:38 [http-nio-9091-exec-1] INFO  c.o.server.controller.NodeController - [Heartbeat] updateDiskInfo成功 节点=3
2026-08-28 16:29:38 [http-nio-9091-exec-1] DEBUG c.o.server.controller.NodeController - 监控快照 节点=3 项目=1 进程=RUNNING 健康=UP PID=85 主机CPU=0.8% 进程CPU=1.0% 主机内存=25% 进程内存=270MB 堆=23/180MB 磁盘=1% 详情=Agent主动上报
2026-08-28 16:29:53 [http-nio-9091-exec-5] INFO  c.o.server.controller.NodeController - [Heartbeat] 节点=2 diskInfoJson=[{"mountPoint":"/","totalGB":1007,"usedGB":10,"fre
2026-08-28 16:29:53 [http-nio-9091-exec-5] INFO  c.o.server.controller.NodeController - [Heartbeat] updateDiskInfo成功 节点=2
2026-08-28 16:29:54 [http-nio-9091-exec-4] INFO  c.o.server.controller.NodeController - [Heartbeat] 节点=1 diskInfoJson=[{"mountPoint":"/","totalGB":1007,"usedGB":10,"fre
2026-08-28 16:29:54 [http-nio-9091-exec-4] INFO  c.o.server.controller.NodeController - [Heartbeat] updateDiskInfo成功 节点=1
2026-08-28 16:30:24 [pool-8-thread-1] INFO  c.o.s.m.s.MonitorCollectorScheduler - 监控采集已启动 taskId=82d4fdcab8ff4ff8
2026-08-28 16:30:38 [http-nio-9091-exec-6] INFO  c.o.server.controller.NodeController - [Heartbeat] 节点=3 diskInfoJson=[{"mountPoint":"/","totalGB":1007,"usedGB":10,"fre
2026-08-28 16:30:38 [http-nio-9091-exec-6] INFO  c.o.server.controller.NodeController - [Heartbeat] updateDiskInfo成功 节点=3
2026-08-28 16:30:38 [http-nio-9091-exec-6] DEBUG c.o.server.controller.NodeController - 监控快照 节点=3 项目=1 进程=RUNNING 健康=UP PID=85 主机CPU=0.8% 进程CPU=1.0% 主机内存=25% 进程内存=270MB 堆=23/180MB 磁盘=1% 详情=Agent主动上报
2026-08-28 16:30:53 [http-nio-9091-exec-3] INFO  c.o.server.controller.NodeController - [Heartbeat] 节点=2 diskInfoJson=[{"mountPoint":"/","totalGB":1007,"usedGB":10,"fre
2026-08-28 16:30:53 [http-nio-9091-exec-3] INFO  c.o.server.controller.NodeController - [Heartbeat] updateDiskInfo成功 节点=2
2026-08-28 16:30:54 [http-nio-9091-exec-5] INFO  c.o.server.controller.NodeController - [Heartbeat] 节点=1 diskInfoJson=[{"mountPoint":"/","totalGB":1007,"usedGB":10,"fre
2026-08-28 16:30:54 [http-nio-9091-exec-5] INFO  c.o.server.controller.NodeController - [Heartbeat] updateDiskInfo成功 节点=1
2026-08-28 16:31:24 [pool-8-thread-1] INFO  c.o.s.m.s.MonitorCollectorScheduler - 监控采集已启动 taskId=20d39506b0214b63
2026-08-28 16:31:38 [http-nio-9091-exec-7] INFO  c.o.server.controller.NodeController - [Heartbeat] 节点=3 diskInfoJson=[{"mountPoint":"/","totalGB":1007,"usedGB":10,"fre
2026-08-28 16:31:38 [http-nio-9091-exec-7] INFO  c.o.server.controller.NodeController - [Heartbeat] updateDiskInfo成功 节点=3
2026-08-28 16:31:38 [http-nio-9091-exec-7] DEBUG c.o.server.controller.NodeController - 监控快照 节点=3 项目=1 进程=RUNNING 健康=UP PID=85 主机CPU=0.7% 进程CPU=0.9% 主机内存=25% 进程内存=270MB 堆=24/180MB 磁盘=1% 详情=Agent主动上报
2026-08-28 16:31:53 [http-nio-9091-exec-1] INFO  c.o.server.controller.NodeController - [Heartbeat] 节点=2 diskInfoJson=[{"mountPoint":"/","totalGB":1007,"usedGB":10,"fre
2026-08-28 16:31:53 [http-nio-9091-exec-1] INFO  c.o.server.controller.NodeController - [Heartbeat] updateDiskInfo成功 节点=2
2026-08-28 16:31:54 [http-nio-9091-exec-3] INFO  c.o.server.controller.NodeController - [Heartbeat] 节点=1 diskInfoJson=[{"mountPoint":"/","totalGB":1007,"usedGB":10,"fre
2026-08-28 16:31:54 [http-nio-9091-exec-3] INFO  c.o.server.controller.NodeController - [Heartbeat] updateDiskInfo成功 节点=1
2026-08-28 16:32:24 [pool-8-thread-1] INFO  c.o.s.m.s.MonitorCollectorScheduler - 监控采集已启动 taskId=36d2bffea4194368
2026-08-28 16:32:38 [http-nio-9091-exec-2] INFO  c.o.server.controller.NodeController - [Heartbeat] 节点=3 diskInfoJson=[{"mountPoint":"/","totalGB":1007,"usedGB":10,"fre
2026-08-28 16:32:38 [http-nio-9091-exec-2] INFO  c.o.server.controller.NodeController - [Heartbeat] updateDiskInfo成功 节点=3
2026-08-28 16:32:38 [http-nio-9091-exec-2] DEBUG c.o.server.controller.NodeController - 监控快照 节点=3 项目=1 进程=RUNNING 健康=UP PID=85 主机CPU=0.7% 进程CPU=0.9% 主机内存=25% 进程内存=270MB 堆=24/180MB 磁盘=1% 详情=Agent主动上报
2026-08-28 16:32:54 [http-nio-9091-exec-6] INFO  c.o.server.controller.NodeController - [Heartbeat] 节点=2 diskInfoJson=[{"mountPoint":"/","totalGB":1007,"usedGB":10,"fre
2026-08-28 16:32:54 [http-nio-9091-exec-6] INFO  c.o.server.controller.NodeController - [Heartbeat] updateDiskInfo成功 节点=2
2026-08-28 16:32:54 [http-nio-9091-exec-1] INFO  c.o.server.controller.NodeController - [Heartbeat] 节点=1 diskInfoJson=[{"mountPoint":"/","totalGB":1007,"usedGB":10,"fre
2026-08-28 16:32:54 [http-nio-9091-exec-1] INFO  c.o.server.controller.NodeController - [Heartbeat] updateDiskInfo成功 节点=1
2026-08-28 16:33:24 [pool-8-thread-1] INFO  c.o.s.m.s.MonitorCollectorScheduler - 监控采集已启动 taskId=9eada7a15f504e22
2026-08-28 16:33:38 [http-nio-9091-exec-10] INFO  c.o.server.controller.NodeController - [Heartbeat] 节点=3 diskInfoJson=[{"mountPoint":"/","totalGB":1007,"usedGB":10,"fre
2026-08-28 16:33:38 [http-nio-9091-exec-10] INFO  c.o.server.controller.NodeController - [Heartbeat] updateDiskInfo成功 节点=3
2026-08-28 16:33:38 [http-nio-9091-exec-10] DEBUG c.o.server.controller.NodeController - 监控快照 节点=3 项目=1 进程=RUNNING 健康=UP PID=85 主机CPU=0.7% 进程CPU=0.9% 主机内存=25% 进程内存=270MB 堆=24/180MB 磁盘=1% 详情=Agent主动上报
2026-08-28 16:33:53 [http-nio-9091-exec-7] INFO  c.o.server.controller.NodeController - [Heartbeat] 节点=2 diskInfoJson=[{"mountPoint":"/","totalGB":1007,"usedGB":10,"fre
2026-08-28 16:33:53 [http-nio-9091-exec-7] INFO  c.o.server.controller.NodeController - [Heartbeat] updateDiskInfo成功 节点=2
2026-08-28 16:33:54 [http-nio-9091-exec-6] INFO  c.o.server.controller.NodeController - [Heartbeat] 节点=1 diskInfoJson=[{"mountPoint":"/","totalGB":1007,"usedGB":10,"fre
2026-08-28 16:33:54 [http-nio-9091-exec-6] INFO  c.o.server.controller.NodeController - [Heartbeat] updateDiskInfo成功 节点=1
2026-08-28 16:34:24 [pool-8-thread-1] INFO  c.o.s.m.s.MonitorCollectorScheduler - 监控采集已启动 taskId=7e33bf7751754043
2026-08-28 16:34:38 [http-nio-9091-exec-9] INFO  c.o.server.controller.NodeController - [Heartbeat] 节点=3 diskInfoJson=[{"mountPoint":"/","totalGB":1007,"usedGB":10,"fre
2026-08-28 16:34:38 [http-nio-9091-exec-9] INFO  c.o.server.controller.NodeController - [Heartbeat] updateDiskInfo成功 节点=3
2026-08-28 16:34:38 [http-nio-9091-exec-9] DEBUG c.o.server.controller.NodeController - 监控快照 节点=3 项目=1 进程=RUNNING 健康=UP PID=85 主机CPU=0.7% 进程CPU=0.8% 主机内存=25% 进程内存=270MB 堆=25/180MB 磁盘=1% 详情=Agent主动上报
2026-08-28 16:34:53 [http-nio-9091-exec-2] INFO  c.o.server.controller.NodeController - [Heartbeat] 节点=2 diskInfoJson=[{"mountPoint":"/","totalGB":1007,"usedGB":10,"fre
2026-08-28 16:34:53 [http-nio-9091-exec-2] INFO  c.o.server.controller.NodeController - [Heartbeat] updateDiskInfo成功 节点=2
2026-08-28 16:34:54 [http-nio-9091-exec-7] INFO  c.o.server.controller.NodeController - [Heartbeat] 节点=1 diskInfoJson=[{"mountPoint":"/","totalGB":1007,"usedGB":10,"fre
2026-08-28 16:34:54 [http-nio-9091-exec-7] INFO  c.o.server.controller.NodeController - [Heartbeat] updateDiskInfo成功 节点=1
2026-08-28 16:35:24 [pool-8-thread-1] INFO  c.o.s.m.s.MonitorCollectorScheduler - 监控采集已启动 taskId=8ee7103f16d54525
2026-08-28 16:35:38 [http-nio-9091-exec-8] INFO  c.o.server.controller.NodeController - [Heartbeat] 节点=3 diskInfoJson=[{"mountPoint":"/","totalGB":1007,"usedGB":10,"fre
2026-08-28 16:35:38 [http-nio-9091-exec-8] INFO  c.o.server.controller.NodeController - [Heartbeat] updateDiskInfo成功 节点=3
2026-08-28 16:35:38 [http-nio-9091-exec-8] DEBUG c.o.server.controller.NodeController - 监控快照 节点=3 项目=1 进程=RUNNING 健康=UP PID=85 主机CPU=0.9% 进程CPU=0.8% 主机内存=25% 进程内存=270MB 堆=25/180MB 磁盘=1% 详情=Agent主动上报
2026-08-28 16:35:53 [http-nio-9091-exec-2] INFO  c.o.server.controller.NodeController - [Heartbeat] 节点=2 diskInfoJson=[{"mountPoint":"/","totalGB":1007,"usedGB":10,"fre
2026-08-28 16:35:53 [http-nio-9091-exec-2] INFO  c.o.server.controller.NodeController - [Heartbeat] updateDiskInfo成功 节点=2
2026-08-28 16:35:54 [http-nio-9091-exec-7] INFO  c.o.server.controller.NodeController - [Heartbeat] 节点=1 diskInfoJson=[{"mountPoint":"/","totalGB":1007,"usedGB":10,"fre
2026-08-28 16:35:54 [http-nio-9091-exec-7] INFO  c.o.server.controller.NodeController - [Heartbeat] updateDiskInfo成功 节点=1
2026-08-28 16:35:57 [http-nio-9091-exec-1] DEBUG o.s.w.s.s.s.WebSocketHandlerMapping - Mapped to org.springframework.web.socket.server.support.WebSocketHttpRequestHandler@37091312
2026-08-28 16:35:57 [http-nio-9091-exec-1] DEBUG o.s.w.s.s.s.WebSocketHttpRequestHandler - GET /api/ws/notification
2026-08-28 16:35:57 [http-nio-9091-exec-1] DEBUG c.o.s.i.WebSocketAuthInterceptor - WebSocket authenticated successfully for user: admin
2026-08-28 16:35:57 [http-nio-9091-exec-1] DEBUG o.s.w.s.h.LoggingWebSocketHandlerDecorator - New StandardWebSocketSession[id=d861ae6d-2899-0d3b-039e-20f1da67df15, uri=ws://127.0.0.1:9091/api/ws/notification?token=cU1GpKYYCzjMVyDW%2BKkER8tYciFy2%2FEdQbYh5nUfihs%3D-1787906157013]
2026-08-28 16:35:57 [http-nio-9091-exec-1] INFO  c.o.s.s.w.NotificationHandler - Notification WS connected: userId=1
2026-08-28 16:36:02 [http-nio-9091-exec-8] DEBUG o.s.w.s.s.s.WebSocketHandlerMapping - Mapped to org.springframework.web.socket.server.support.WebSocketHttpRequestHandler@604c5de8
2026-08-28 16:36:02 [http-nio-9091-exec-8] DEBUG o.s.w.s.s.s.WebSocketHttpRequestHandler - GET /api/ws/monitor
2026-08-28 16:36:02 [http-nio-9091-exec-8] DEBUG c.o.s.i.WebSocketAuthInterceptor - WebSocket authenticated successfully for user: admin
2026-08-28 16:36:02 [http-nio-9091-exec-8] DEBUG o.s.w.s.h.LoggingWebSocketHandlerDecorator - New StandardWebSocketSession[id=0e23bb5b-a627-4f75-4387-b7e7b42f07cb, uri=ws://127.0.0.1:9091/api/ws/monitor?token=cU1GpKYYCzjMVyDW%2BKkER8tYciFy2%2FEdQbYh5nUfihs%3D-1787906157013]
2026-08-28 16:36:02 [http-nio-9091-exec-8] INFO  c.o.server.websocket.MonitorHandler - Monitor WebSocket connected: 0e23bb5b-a627-4f75-4387-b7e7b42f07cb
2026-08-28 16:36:07 [http-nio-9091-exec-3] INFO  c.o.s.arthas.ArthasDiagnoseService - Arthas 诊断会话启动成功: sessionId=95c35c2909be4908, projectId=1, nodeId=3, pid=85
2026-08-28 16:36:24 [pool-8-thread-1] INFO  c.o.s.m.s.MonitorCollectorScheduler - 监控采集已启动 taskId=558fac230e0b4c38
2026-08-28 16:36:38 [http-nio-9091-exec-1] INFO  c.o.server.controller.NodeController - [Heartbeat] 节点=3 diskInfoJson=[{"mountPoint":"/","totalGB":1007,"usedGB":10,"fre
2026-08-28 16:36:38 [http-nio-9091-exec-1] INFO  c.o.server.controller.NodeController - [Heartbeat] updateDiskInfo成功 节点=3
2026-08-28 16:36:38 [http-nio-9091-exec-1] DEBUG c.o.server.controller.NodeController - 监控快照 节点=3 项目=1 进程=RUNNING 健康=UP PID=85 主机CPU=2.3% 进程CPU=1.1% 主机内存=27% 进程内存=357MB 堆=131/244MB 磁盘=1% 详情=Agent主动上报
2026-08-28 16:36:53 [http-nio-9091-exec-3] INFO  c.o.server.controller.NodeController - [Heartbeat] 节点=2 diskInfoJson=[{"mountPoint":"/","totalGB":1007,"usedGB":10,"fre
2026-08-28 16:36:53 [http-nio-9091-exec-3] INFO  c.o.server.controller.NodeController - [Heartbeat] updateDiskInfo成功 节点=2
2026-08-28 16:36:54 [http-nio-9091-exec-5] INFO  c.o.server.controller.NodeController - [Heartbeat] 节点=1 diskInfoJson=[{"mountPoint":"/","totalGB":1007,"usedGB":10,"fre
2026-08-28 16:36:54 [http-nio-9091-exec-5] INFO  c.o.server.controller.NodeController - [Heartbeat] updateDiskInfo成功 节点=1
2026-08-28 16:37:24 [pool-8-thread-1] INFO  c.o.s.m.s.MonitorCollectorScheduler - 监控采集已启动 taskId=acfd6dae5f8e439e
2026-08-28 16:37:38 [http-nio-9091-exec-4] INFO  c.o.server.controller.NodeController - [Heartbeat] 节点=3 diskInfoJson=[{"mountPoint":"/","totalGB":1007,"usedGB":10,"fre
2026-08-28 16:37:38 [http-nio-9091-exec-4] INFO  c.o.server.controller.NodeController - [Heartbeat] updateDiskInfo成功 节点=3
2026-08-28 16:37:38 [http-nio-9091-exec-4] DEBUG c.o.server.controller.NodeController - 监控快照 节点=3 项目=1 进程=RUNNING 健康=UP PID=85 主机CPU=0.8% 进程CPU=1.1% 主机内存=27% 进程内存=358MB 堆=132/244MB 磁盘=1% 详情=Agent主动上报
2026-08-28 16:37:53 [http-nio-9091-exec-2] INFO  c.o.server.controller.NodeController - [Heartbeat] 节点=2 diskInfoJson=[{"mountPoint":"/","totalGB":1007,"usedGB":10,"fre
2026-08-28 16:37:53 [http-nio-9091-exec-2] INFO  c.o.server.controller.NodeController - [Heartbeat] updateDiskInfo成功 节点=2
2026-08-28 16:37:54 [http-nio-9091-exec-10] INFO  c.o.server.controller.NodeController - [Heartbeat] 节点=1 diskInfoJson=[{"mountPoint":"/","totalGB":1007,"usedGB":10,"fre
2026-08-28 16:37:54 [http-nio-9091-exec-10] INFO  c.o.server.controller.NodeController - [Heartbeat] updateDiskInfo成功 节点=1
2026-08-28 16:38:24 [pool-8-thread-1] INFO  c.o.s.m.s.MonitorCollectorScheduler - 监控采集已启动 taskId=8f8f683c584e4d79
2026-08-28 16:38:38 [http-nio-9091-exec-7] INFO  c.o.server.controller.NodeController - [Heartbeat] 节点=3 diskInfoJson=[{"mountPoint":"/","totalGB":1007,"usedGB":10,"fre
2026-08-28 16:38:38 [http-nio-9091-exec-7] INFO  c.o.server.controller.NodeController - [Heartbeat] updateDiskInfo成功 节点=3
2026-08-28 16:38:38 [http-nio-9091-exec-7] DEBUG c.o.server.controller.NodeController - 监控快照 节点=3 项目=1 进程=RUNNING 健康=UP PID=85 主机CPU=0.8% 进程CPU=1.0% 主机内存=27% 进程内存=358MB 堆=133/244MB 磁盘=1% 详情=Agent主动上报
2026-08-28 16:38:53 [http-nio-9091-exec-8] INFO  c.o.server.controller.NodeController - [Heartbeat] 节点=2 diskInfoJson=[{"mountPoint":"/","totalGB":1007,"usedGB":10,"fre
2026-08-28 16:38:53 [http-nio-9091-exec-8] INFO  c.o.server.controller.NodeController - [Heartbeat] updateDiskInfo成功 节点=2
2026-08-28 16:38:54 [http-nio-9091-exec-1] INFO  c.o.server.controller.NodeController - [Heartbeat] 节点=1 diskInfoJson=[{"mountPoint":"/","totalGB":1007,"usedGB":10,"fre
2026-08-28 16:38:54 [http-nio-9091-exec-1] INFO  c.o.server.controller.NodeController - [Heartbeat] updateDiskInfo成功 节点=1
2026-08-28 16:39:24 [pool-8-thread-1] INFO  c.o.s.m.s.MonitorCollectorScheduler - 监控采集已启动 taskId=a1338cca6c6e43fa
2026-08-28 16:39:38 [http-nio-9091-exec-3] INFO  c.o.server.controller.NodeController - [Heartbeat] 节点=3 diskInfoJson=[{"mountPoint":"/","totalGB":1007,"usedGB":10,"fre
2026-08-28 16:39:38 [http-nio-9091-exec-3] INFO  c.o.server.controller.NodeController - [Heartbeat] updateDiskInfo成功 节点=3
2026-08-28 16:39:38 [http-nio-9091-exec-3] DEBUG c.o.server.controller.NodeController - 监控快照 节点=3 项目=1 进程=RUNNING 健康=UP PID=85 主机CPU=0.7% 进程CPU=1.0% 主机内存=26% 进程内存=358MB 堆=134/244MB 磁盘=1% 详情=Agent主动上报
2026-08-28 16:39:53 [http-nio-9091-exec-4] INFO  c.o.server.controller.NodeController - [Heartbeat] 节点=2 diskInfoJson=[{"mountPoint":"/","totalGB":1007,"usedGB":10,"fre
2026-08-28 16:39:53 [http-nio-9091-exec-4] INFO  c.o.server.controller.NodeController - [Heartbeat] updateDiskInfo成功 节点=2
2026-08-28 16:39:54 [http-nio-9091-exec-9] INFO  c.o.server.controller.NodeController - [Heartbeat] 节点=1 diskInfoJson=[{"mountPoint":"/","totalGB":1007,"usedGB":10,"fre
2026-08-28 16:39:54 [http-nio-9091-exec-9] INFO  c.o.server.controller.NodeController - [Heartbeat] updateDiskInfo成功 节点=1
2026-08-28 16:40:24 [pool-8-thread-1] INFO  c.o.s.m.s.MonitorCollectorScheduler - 监控采集已启动 taskId=0c30864200844a98
2026-08-28 16:40:38 [http-nio-9091-exec-2] INFO  c.o.server.controller.NodeController - [Heartbeat] 节点=3 diskInfoJson=[{"mountPoint":"/","totalGB":1007,"usedGB":10,"fre
2026-08-28 16:40:38 [http-nio-9091-exec-2] INFO  c.o.server.controller.NodeController - [Heartbeat] updateDiskInfo成功 节点=3
2026-08-28 16:40:38 [http-nio-9091-exec-2] DEBUG c.o.server.controller.NodeController - 监控快照 节点=3 项目=1 进程=RUNNING 健康=UP PID=85 主机CPU=0.8% 进程CPU=0.9% 主机内存=26% 进程内存=358MB 堆=135/244MB 磁盘=1% 详情=Agent主动上报
2026-08-28 16:40:53 [http-nio-9091-exec-6] INFO  c.o.server.controller.NodeController - [Heartbeat] 节点=2 diskInfoJson=[{"mountPoint":"/","totalGB":1007,"usedGB":10,"fre
2026-08-28 16:40:53 [http-nio-9091-exec-6] INFO  c.o.server.controller.NodeController - [Heartbeat] updateDiskInfo成功 节点=2
2026-08-28 16:40:54 [http-nio-9091-exec-7] INFO  c.o.server.controller.NodeController - [Heartbeat] 节点=1 diskInfoJson=[{"mountPoint":"/","totalGB":1007,"usedGB":10,"fre
2026-08-28 16:40:54 [http-nio-9091-exec-7] INFO  c.o.server.controller.NodeController - [Heartbeat] updateDiskInfo成功 节点=1
2026-08-28 16:41:24 [pool-8-thread-1] INFO  c.o.s.m.s.MonitorCollectorScheduler - 监控采集已启动 taskId=21b2bec7ba2b4a96
2026-08-28 16:41:38 [http-nio-9091-exec-8] INFO  c.o.server.controller.NodeController - [Heartbeat] 节点=3 diskInfoJson=[{"mountPoint":"/","totalGB":1007,"usedGB":10,"fre
2026-08-28 16:41:38 [http-nio-9091-exec-8] INFO  c.o.server.controller.NodeController - [Heartbeat] updateDiskInfo成功 节点=3
2026-08-28 16:41:38 [http-nio-9091-exec-8] DEBUG c.o.server.controller.NodeController - 监控快照 节点=3 项目=1 进程=RUNNING 健康=UP PID=85 主机CPU=0.8% 进程CPU=0.9% 主机内存=26% 进程内存=358MB 堆=136/244MB 磁盘=1% 详情=Agent主动上报
2026-08-28 16:41:53 [http-nio-9091-exec-3] INFO  c.o.server.controller.NodeController - [Heartbeat] 节点=2 diskInfoJson=[{"mountPoint":"/","totalGB":1007,"usedGB":10,"fre
2026-08-28 16:41:53 [http-nio-9091-exec-3] INFO  c.o.server.controller.NodeController - [Heartbeat] updateDiskInfo成功 节点=2
2026-08-28 16:41:54 [http-nio-9091-exec-5] INFO  c.o.server.controller.NodeController - [Heartbeat] 节点=1 diskInfoJson=[{"mountPoint":"/","totalGB":1007,"usedGB":10,"fre
2026-08-28 16:41:54 [http-nio-9091-exec-5] INFO  c.o.server.controller.NodeController - [Heartbeat] updateDiskInfo成功 节点=1
2026-08-28 16:42:24 [pool-8-thread-1] INFO  c.o.s.m.s.MonitorCollectorScheduler - 监控采集已启动 taskId=3918d0fa7d584eb0
2026-08-28 16:42:38 [http-nio-9091-exec-4] INFO  c.o.server.controller.NodeController - [Heartbeat] 节点=3 diskInfoJson=[{"mountPoint":"/","totalGB":1007,"usedGB":10,"fre
2026-08-28 16:42:38 [http-nio-9091-exec-4] INFO  c.o.server.controller.NodeController - [Heartbeat] updateDiskInfo成功 节点=3
2026-08-28 16:42:38 [http-nio-9091-exec-4] DEBUG c.o.server.controller.NodeController - 监控快照 节点=3 项目=1 进程=RUNNING 健康=UP PID=85 主机CPU=0.7% 进程CPU=0.9% 主机内存=26% 进程内存=358MB 堆=136/244MB 磁盘=1% 详情=Agent主动上报
2026-08-28 16:42:53 [http-nio-9091-exec-10] INFO  c.o.server.controller.NodeController - [Heartbeat] 节点=2 diskInfoJson=[{"mountPoint":"/","totalGB":1007,"usedGB":10,"fre
2026-08-28 16:42:53 [http-nio-9091-exec-10] INFO  c.o.server.controller.NodeController - [Heartbeat] updateDiskInfo成功 节点=2
2026-08-28 16:42:54 [http-nio-9091-exec-2] INFO  c.o.server.controller.NodeController - [Heartbeat] 节点=1 diskInfoJson=[{"mountPoint":"/","totalGB":1007,"usedGB":10,"fre
2026-08-28 16:42:54 [http-nio-9091-exec-2] INFO  c.o.server.controller.NodeController - [Heartbeat] updateDiskInfo成功 节点=1
2026-08-28 16:43:24 [pool-8-thread-1] INFO  c.o.s.m.s.MonitorCollectorScheduler - 监控采集已启动 taskId=7511f86d72fb4eee
2026-08-28 16:43:38 [http-nio-9091-exec-7] INFO  c.o.server.controller.NodeController - [Heartbeat] 节点=3 diskInfoJson=[{"mountPoint":"/","totalGB":1007,"usedGB":10,"fre
2026-08-28 16:43:38 [http-nio-9091-exec-7] INFO  c.o.server.controller.NodeController - [Heartbeat] updateDiskInfo成功 节点=3
2026-08-28 16:43:38 [http-nio-9091-exec-7] DEBUG c.o.server.controller.NodeController - 监控快照 节点=3 项目=1 进程=RUNNING 健康=UP PID=85 主机CPU=0.8% 进程CPU=0.9% 主机内存=26% 进程内存=359MB 堆=136/244MB 磁盘=1% 详情=Agent主动上报
2026-08-28 16:43:53 [http-nio-9091-exec-1] INFO  c.o.server.controller.NodeController - [Heartbeat] 节点=2 diskInfoJson=[{"mountPoint":"/","totalGB":1007,"usedGB":10,"fre
2026-08-28 16:43:53 [http-nio-9091-exec-1] INFO  c.o.server.controller.NodeController - [Heartbeat] updateDiskInfo成功 节点=2
2026-08-28 16:43:54 [http-nio-9091-exec-8] INFO  c.o.server.controller.NodeController - [Heartbeat] 节点=1 diskInfoJson=[{"mountPoint":"/","totalGB":1007,"usedGB":10,"fre
2026-08-28 16:43:54 [http-nio-9091-exec-8] INFO  c.o.server.controller.NodeController - [Heartbeat] updateDiskInfo成功 节点=1
2026-08-28 16:44:24 [pool-8-thread-1] INFO  c.o.s.m.s.MonitorCollectorScheduler - 监控采集已启动 taskId=ca8c63144cd14fc5
2026-08-28 16:44:38 [http-nio-9091-exec-5] INFO  c.o.server.controller.NodeController - [Heartbeat] 节点=3 diskInfoJson=[{"mountPoint":"/","totalGB":1007,"usedGB":10,"fre
2026-08-28 16:44:38 [http-nio-9091-exec-5] INFO  c.o.server.controller.NodeController - [Heartbeat] updateDiskInfo成功 节点=3
2026-08-28 16:44:38 [http-nio-9091-exec-5] DEBUG c.o.server.controller.NodeController - 监控快照 节点=3 项目=1 进程=RUNNING 健康=UP PID=85 主机CPU=0.8% 进程CPU=0.8% 主机内存=26% 进程内存=359MB 堆=136/244MB 磁盘=1% 详情=Agent主动上报
2026-08-28 16:44:53 [http-nio-9091-exec-4] INFO  c.o.server.controller.NodeController - [Heartbeat] 节点=2 diskInfoJson=[{"mountPoint":"/","totalGB":1007,"usedGB":10,"fre
2026-08-28 16:44:53 [http-nio-9091-exec-4] INFO  c.o.server.controller.NodeController - [Heartbeat] updateDiskInfo成功 节点=2
2026-08-28 16:44:54 [http-nio-9091-exec-9] INFO  c.o.server.controller.NodeController - [Heartbeat] 节点=1 diskInfoJson=[{"mountPoint":"/","totalGB":1007,"usedGB":10,"fre
2026-08-28 16:44:54 [http-nio-9091-exec-9] INFO  c.o.server.controller.NodeController - [Heartbeat] updateDiskInfo成功 节点=1
2026-08-28 16:45:24 [pool-8-thread-1] INFO  c.o.s.m.s.MonitorCollectorScheduler - 监控采集已启动 taskId=f419032f03f74c6d
2026-08-28 16:45:38 [http-nio-9091-exec-2] INFO  c.o.server.controller.NodeController - [Heartbeat] 节点=3 diskInfoJson=[{"mountPoint":"/","totalGB":1007,"usedGB":10,"fre
2026-08-28 16:45:38 [http-nio-9091-exec-2] INFO  c.o.server.controller.NodeController - [Heartbeat] updateDiskInfo成功 节点=3
2026-08-28 16:45:38 [http-nio-9091-exec-2] DEBUG c.o.server.controller.NodeController - 监控快照 节点=3 项目=1 进程=RUNNING 健康=UP PID=85 主机CPU=0.8% 进程CPU=0.8% 主机内存=26% 进程内存=363MB 堆=137/244MB 磁盘=1% 详情=Agent主动上报
2026-08-28 16:45:53 [http-nio-9091-exec-7] INFO  c.o.server.controller.NodeController - [Heartbeat] 节点=2 diskInfoJson=[{"mountPoint":"/","totalGB":1007,"usedGB":10,"fre
2026-08-28 16:45:53 [http-nio-9091-exec-7] INFO  c.o.server.controller.NodeController - [Heartbeat] updateDiskInfo成功 节点=2
2026-08-28 16:45:54 [http-nio-9091-exec-6] INFO  c.o.server.controller.NodeController - [Heartbeat] 节点=1 diskInfoJson=[{"mountPoint":"/","totalGB":1007,"usedGB":10,"fre
2026-08-28 16:45:54 [http-nio-9091-exec-6] INFO  c.o.server.controller.NodeController - [Heartbeat] updateDiskInfo成功 节点=1
2026-08-28 16:46:24 [pool-8-thread-1] INFO  c.o.s.m.s.MonitorCollectorScheduler - 监控采集已启动 taskId=d17588e4a2754e28
2026-08-28 16:46:38 [http-nio-9091-exec-1] INFO  c.o.server.controller.NodeController - [Heartbeat] 节点=3 diskInfoJson=[{"mountPoint":"/","totalGB":1007,"usedGB":10,"fre
2026-08-28 16:46:38 [http-nio-9091-exec-1] INFO  c.o.server.controller.NodeController - [Heartbeat] updateDiskInfo成功 节点=3
2026-08-28 16:46:38 [http-nio-9091-exec-1] DEBUG c.o.server.controller.NodeController - 监控快照 节点=3 项目=1 进程=RUNNING 健康=UP PID=85 主机CPU=0.8% 进程CPU=0.8% 主机内存=26% 进程内存=363MB 堆=137/244MB 磁盘=1% 详情=Agent主动上报
2026-08-28 16:46:53 [http-nio-9091-exec-3] INFO  c.o.server.controller.NodeController - [Heartbeat] 节点=2 diskInfoJson=[{"mountPoint":"/","totalGB":1007,"usedGB":10,"fre
2026-08-28 16:46:53 [http-nio-9091-exec-3] INFO  c.o.server.controller.NodeController - [Heartbeat] updateDiskInfo成功 节点=2
2026-08-28 16:46:54 [http-nio-9091-exec-5] INFO  c.o.server.controller.NodeController - [Heartbeat] 节点=1 diskInfoJson=[{"mountPoint":"/","totalGB":1007,"usedGB":10,"fre
2026-08-28 16:46:54 [http-nio-9091-exec-5] INFO  c.o.server.controller.NodeController - [Heartbeat] updateDiskInfo成功 节点=1
2026-08-28 16:47:24 [pool-8-thread-1] INFO  c.o.s.m.s.MonitorCollectorScheduler - 监控采集已启动 taskId=4e6bd69579984026
2026-08-28 16:47:38 [http-nio-9091-exec-3] INFO  c.o.server.controller.NodeController - [Heartbeat] 节点=3 diskInfoJson=[{"mountPoint":"/","totalGB":1007,"usedGB":10,"fre
2026-08-28 16:47:38 [http-nio-9091-exec-3] INFO  c.o.server.controller.NodeController - [Heartbeat] updateDiskInfo成功 节点=3
2026-08-28 16:47:38 [http-nio-9091-exec-3] DEBUG c.o.server.controller.NodeController - 监控快照 节点=3 项目=1 进程=RUNNING 健康=UP PID=85 主机CPU=0.8% 进程CPU=0.8% 主机内存=26% 进程内存=367MB 堆=153/244MB 磁盘=1% 详情=Agent主动上报
2026-08-28 16:47:53 [http-nio-9091-exec-2] INFO  c.o.server.controller.NodeController - [Heartbeat] 节点=2 diskInfoJson=[{"mountPoint":"/","totalGB":1007,"usedGB":10,"fre
2026-08-28 16:47:53 [http-nio-9091-exec-2] INFO  c.o.server.controller.NodeController - [Heartbeat] updateDiskInfo成功 节点=2
2026-08-28 16:47:54 [http-nio-9091-exec-10] INFO  c.o.server.controller.NodeController - [Heartbeat] 节点=1 diskInfoJson=[{"mountPoint":"/","totalGB":1007,"usedGB":10,"fre
2026-08-28 16:47:54 [http-nio-9091-exec-10] INFO  c.o.server.controller.NodeController - [Heartbeat] updateDiskInfo成功 节点=1
2026-08-28 16:47:57 [http-nio-9091-exec-6] ERROR c.ops.server.arthas.ArthasAgentProxy - Arthas Agent 请求失败: url=http://127.0.0.1:2123/api/arthas/exec, body={timeoutMs=8000, pid=85, command=thread -n 5}, error=Agent 返回错误: 命令执行失败: Arthas 会话不存在或已结束: pid=85
2026-08-28 16:47:57 [http-nio-9091-exec-1] ERROR c.ops.server.arthas.ArthasAgentProxy - Arthas Agent 请求失败: url=http://127.0.0.1:2123/api/arthas/exec, body={timeoutMs=8000, pid=85, command=thread -b}, error=Agent 返回错误: 命令执行失败: Arthas 会话不存在或已结束: pid=85
2026-08-28 16:47:57 [http-nio-9091-exec-6] ERROR c.o.s.c.ArthasDiagnoseController - 执行命令失败: sessionId=95c35c2909be4908, command=thread -n 5, error=Agent 请求失败: Agent 返回错误: 命令执行失败: Arthas 会话不存在或已结束: pid=85
2026-08-28 16:47:57 [http-nio-9091-exec-1] ERROR c.o.s.c.ArthasDiagnoseController - 执行命令失败: sessionId=95c35c2909be4908, command=thread -b, error=Agent 请求失败: Agent 返回错误: 命令执行失败: Arthas 会话不存在或已结束: pid=85
2026-08-28 16:47:57 [http-nio-9091-exec-7] ERROR c.ops.server.arthas.ArthasAgentProxy - Arthas Agent 请求失败: url=http://127.0.0.1:2123/api/arthas/exec, body={timeoutMs=5000, pid=85, command=thread}, error=Agent 返回错误: 命令执行失败: Arthas 会话不存在或已结束: pid=85
2026-08-28 16:47:57 [http-nio-9091-exec-7] ERROR c.o.s.c.ArthasDiagnoseController - 执行命令失败: sessionId=95c35c2909be4908, command=thread, error=Agent 请求失败: Agent 返回错误: 命令执行失败: Arthas 会话不存在或已结束: pid=85
2026-08-28 16:48:06 [http-nio-9091-exec-2] ERROR c.ops.server.arthas.ArthasAgentProxy - Arthas Agent 请求失败: url=http://127.0.0.1:2123/api/arthas/exec, body={timeoutMs=5000, pid=85, command=thread}, error=Agent 返回错误: 命令执行失败: Arthas 会话不存在或已结束: pid=85
2026-08-28 16:48:06 [http-nio-9091-exec-2] ERROR c.o.s.c.ArthasDiagnoseController - 执行命令失败: sessionId=95c35c2909be4908, command=thread, error=Agent 请求失败: Agent 返回错误: 命令执行失败: Arthas 会话不存在或已结束: pid=85
2026-08-28 16:48:06 [http-nio-9091-exec-10] ERROR c.ops.server.arthas.ArthasAgentProxy - Arthas Agent 请求失败: url=http://127.0.0.1:2123/api/arthas/exec, body={timeoutMs=8000, pid=85, command=thread -n 5}, error=Agent 返回错误: 命令执行失败: Arthas 会话不存在或已结束: pid=85
2026-08-28 16:48:06 [http-nio-9091-exec-6] ERROR c.ops.server.arthas.ArthasAgentProxy - Arthas Agent 请求失败: url=http://127.0.0.1:2123/api/arthas/exec, body={timeoutMs=8000, pid=85, command=thread -b}, error=Agent 返回错误: 命令执行失败: Arthas 会话不存在或已结束: pid=85
2026-08-28 16:48:06 [http-nio-9091-exec-10] ERROR c.o.s.c.ArthasDiagnoseController - 执行命令失败: sessionId=95c35c2909be4908, command=thread -n 5, error=Agent 请求失败: Agent 返回错误: 命令执行失败: Arthas 会话不存在或已结束: pid=85
2026-08-28 16:48:06 [http-nio-9091-exec-6] ERROR c.o.s.c.ArthasDiagnoseController - 执行命令失败: sessionId=95c35c2909be4908, command=thread -b, error=Agent 请求失败: Agent 返回错误: 命令执行失败: Arthas 会话不存在或已结束: pid=85
2026-08-28 16:48:24 [pool-8-thread-1] INFO  c.o.s.m.s.MonitorCollectorScheduler - 监控采集已启动 taskId=4285e1cb2b2c4b51
2026-08-28 16:48:38 [http-nio-9091-exec-4] INFO  c.o.server.controller.NodeController - [Heartbeat] 节点=3 diskInfoJson=[{"mountPoint":"/","totalGB":1007,"usedGB":10,"fre
2026-08-28 16:48:38 [http-nio-9091-exec-4] INFO  c.o.server.controller.NodeController - [Heartbeat] updateDiskInfo成功 节点=3
2026-08-28 16:48:38 [http-nio-9091-exec-4] DEBUG c.o.server.controller.NodeController - 监控快照 节点=3 项目=1 进程=RUNNING 健康=UP PID=85 主机CPU=1.2% 进程CPU=0.8% 主机内存=26% 进程内存=367MB 堆=153/244MB 磁盘=1% 详情=Agent主动上报
2026-08-28 16:48:53 [http-nio-9091-exec-2] INFO  c.o.server.controller.NodeController - [Heartbeat] 节点=2 diskInfoJson=[{"mountPoint":"/","totalGB":1007,"usedGB":10,"fre
2026-08-28 16:48:53 [http-nio-9091-exec-2] INFO  c.o.server.controller.NodeController - [Heartbeat] updateDiskInfo成功 节点=2
2026-08-28 16:48:54 [http-nio-9091-exec-6] INFO  c.o.server.controller.NodeController - [Heartbeat] 节点=1 diskInfoJson=[{"mountPoint":"/","totalGB":1007,"usedGB":10,"fre
2026-08-28 16:48:54 [http-nio-9091-exec-6] INFO  c.o.server.controller.NodeController - [Heartbeat] updateDiskInfo成功 节点=1
2026-08-28 16:49:24 [pool-8-thread-1] INFO  c.o.s.m.s.MonitorCollectorScheduler - 监控采集已启动 taskId=61f516d75c664f5c
2026-08-28 16:49:38 [http-nio-9091-exec-1] INFO  c.o.server.controller.NodeController - [Heartbeat] 节点=3 diskInfoJson=[{"mountPoint":"/","totalGB":1007,"usedGB":10,"fre
2026-08-28 16:49:38 [http-nio-9091-exec-1] INFO  c.o.server.controller.NodeController - [Heartbeat] updateDiskInfo成功 节点=3
2026-08-28 16:49:38 [http-nio-9091-exec-1] DEBUG c.o.server.controller.NodeController - 监控快照 节点=3 项目=1 进程=RUNNING 健康=UP PID=85 主机CPU=1.0% 进程CPU=0.8% 主机内存=26% 进程内存=368MB 堆=154/244MB 磁盘=1% 详情=Agent主动上报
2026-08-28 16:49:53 [http-nio-9091-exec-8] INFO  c.o.server.controller.NodeController - [Heartbeat] 节点=2 diskInfoJson=[{"mountPoint":"/","totalGB":1007,"usedGB":10,"fre
2026-08-28 16:49:53 [http-nio-9091-exec-8] INFO  c.o.server.controller.NodeController - [Heartbeat] updateDiskInfo成功 节点=2
2026-08-28 16:49:54 [http-nio-9091-exec-7] INFO  c.o.server.controller.NodeController - [Heartbeat] 节点=1 diskInfoJson=[{"mountPoint":"/","totalGB":1007,"usedGB":10,"fre
2026-08-28 16:49:54 [http-nio-9091-exec-7] INFO  c.o.server.controller.NodeController - [Heartbeat] updateDiskInfo成功 节点=1
2026-08-28 16:50:24 [pool-8-thread-1] INFO  c.o.s.m.s.MonitorCollectorScheduler - 监控采集已启动 taskId=5faf45c74abf4eaf
2026-08-28 16:50:36 [http-nio-9091-exec-5] INFO  c.o.server.controller.NodeController - [Heartbeat] 节点=3 diskInfoJson=[{"mountPoint":"/","totalGB":1007,"usedGB":10,"fre
2026-08-28 16:50:36 [http-nio-9091-exec-5] INFO  c.o.server.controller.NodeController - [Heartbeat] updateDiskInfo成功 节点=3
2026-08-28 16:50:36 [http-nio-9091-exec-5] DEBUG c.o.server.controller.NodeController - 监控快照 节点=3 项目=1 进程=STOPPED 健康=DOWN PID=null 主机CPU=12.5% 进程CPU=12.5% 主机内存=21% 进程内存=368MB 堆=null/nullMB 磁盘=1% 详情=应用进程已停止
2026-08-28 16:50:53 [http-nio-9091-exec-4] INFO  c.o.server.controller.NodeController - [Heartbeat] 节点=2 diskInfoJson=[{"mountPoint":"/","totalGB":1007,"usedGB":10,"fre
2026-08-28 16:50:53 [http-nio-9091-exec-4] INFO  c.o.server.controller.NodeController - [Heartbeat] updateDiskInfo成功 节点=2
2026-08-28 16:50:54 [http-nio-9091-exec-2] INFO  c.o.server.controller.NodeController - [Heartbeat] 节点=1 diskInfoJson=[{"mountPoint":"/","totalGB":1007,"usedGB":10,"fre
2026-08-28 16:50:54 [http-nio-9091-exec-2] INFO  c.o.server.controller.NodeController - [Heartbeat] updateDiskInfo成功 节点=1
2026-08-28 16:51:24 [pool-8-thread-1] INFO  c.o.s.m.s.MonitorCollectorScheduler - 监控采集已启动 taskId=31cff5211a5349f4
2026-08-28 16:51:36 [http-nio-9091-exec-1] INFO  c.o.server.controller.NodeController - [Heartbeat] 节点=3 diskInfoJson=[{"mountPoint":"/","totalGB":1007,"usedGB":10,"fre
2026-08-28 16:51:36 [http-nio-9091-exec-1] INFO  c.o.server.controller.NodeController - [Heartbeat] updateDiskInfo成功 节点=3
2026-08-28 16:51:36 [http-nio-9091-exec-1] DEBUG c.o.server.controller.NodeController - 监控快照 节点=3 项目=1 进程=RUNNING 健康=UP PID=65 主机CPU=4.4% 进程CPU=20.7% 主机内存=25% 进程内存=279MB 堆=14/184MB 磁盘=1% 详情=Agent主动上报
2026-08-28 16:51:53 [http-nio-9091-exec-10] INFO  c.o.server.controller.NodeController - [Heartbeat] 节点=2 diskInfoJson=[{"mountPoint":"/","totalGB":1007,"usedGB":10,"fre
2026-08-28 16:51:53 [http-nio-9091-exec-10] INFO  c.o.server.controller.NodeController - [Heartbeat] updateDiskInfo成功 节点=2
2026-08-28 16:51:54 [http-nio-9091-exec-8] INFO  c.o.server.controller.NodeController - [Heartbeat] 节点=1 diskInfoJson=[{"mountPoint":"/","totalGB":1007,"usedGB":10,"fre
2026-08-28 16:51:54 [http-nio-9091-exec-8] INFO  c.o.server.controller.NodeController - [Heartbeat] updateDiskInfo成功 节点=1
2026-08-28 16:51:54 [http-nio-9091-exec-7] ERROR c.ops.server.arthas.ArthasAgentProxy - Arthas Agent 请求失败: url=http://127.0.0.1:2123/api/arthas/attach, body={pid=85, projectId=1, nodeId=3}, error=Agent 返回错误: attach 失败: 目标进程不存在或已退出: pid=85
2026-08-28 16:51:54 [http-nio-9091-exec-7] ERROR c.o.s.arthas.ArthasDiagnoseService - Arthas 诊断会话启动失败: sessionId=751b5e30d382449c, error=Agent 请求失败: Agent 返回错误: attach 失败: 目标进程不存在或已退出: pid=85
2026-08-28 16:51:54 [http-nio-9091-exec-7] ERROR c.o.s.c.ArthasDiagnoseController - 启动诊断失败: projectId=1, nodeId=3, pid=85, error=attach 失败: Agent 请求失败: Agent 返回错误: attach 失败: 目标进程不存在或已退出: pid=85
2026-08-28 16:52:24 [pool-8-thread-1] INFO  c.o.s.m.s.MonitorCollectorScheduler - 监控采集已启动 taskId=6f42f772367542ed
2026-08-28 16:52:36 [http-nio-9091-exec-3] INFO  c.o.server.controller.NodeController - [Heartbeat] 节点=3 diskInfoJson=[{"mountPoint":"/","totalGB":1007,"usedGB":10,"fre
2026-08-28 16:52:36 [http-nio-9091-exec-3] INFO  c.o.server.controller.NodeController - [Heartbeat] updateDiskInfo成功 节点=3
2026-08-28 16:52:36 [http-nio-9091-exec-3] DEBUG c.o.server.controller.NodeController - 监控快照 节点=3 项目=1 进程=RUNNING 健康=UP PID=65 主机CPU=1.3% 进程CPU=10.0% 主机内存=26% 进程内存=279MB 堆=15/184MB 磁盘=1% 详情=Agent主动上报
2026-08-28 16:52:40 [http-nio-9091-exec-5] ERROR c.ops.server.arthas.ArthasAgentProxy - Arthas Agent 请求失败: url=http://127.0.0.1:2123/api/arthas/attach, body={pid=85, projectId=1, nodeId=3}, error=Agent 返回错误: attach 失败: 目标进程不存在或已退出: pid=85
2026-08-28 16:52:40 [http-nio-9091-exec-5] ERROR c.o.s.arthas.ArthasDiagnoseService - Arthas 诊断会话启动失败: sessionId=2612a20ae6d44b7e, error=Agent 请求失败: Agent 返回错误: attach 失败: 目标进程不存在或已退出: pid=85
2026-08-28 16:52:40 [http-nio-9091-exec-5] ERROR c.o.s.c.ArthasDiagnoseController - 启动诊断失败: projectId=1, nodeId=3, pid=85, error=attach 失败: Agent 请求失败: Agent 返回错误: attach 失败: 目标进程不存在或已退出: pid=85
2026-08-28 16:52:53 [http-nio-9091-exec-4] INFO  c.o.server.controller.NodeController - [Heartbeat] 节点=2 diskInfoJson=[{"mountPoint":"/","totalGB":1007,"usedGB":10,"fre
2026-08-28 16:52:53 [http-nio-9091-exec-4] INFO  c.o.server.controller.NodeController - [Heartbeat] updateDiskInfo成功 节点=2
2026-08-28 16:52:54 [http-nio-9091-exec-2] INFO  c.o.server.controller.NodeController - [Heartbeat] 节点=1 diskInfoJson=[{"mountPoint":"/","totalGB":1007,"usedGB":10,"fre
2026-08-28 16:52:54 [http-nio-9091-exec-2] INFO  c.o.server.controller.NodeController - [Heartbeat] updateDiskInfo成功 节点=1
2026-08-28 16:53:24 [pool-8-thread-1] INFO  c.o.s.m.s.MonitorCollectorScheduler - 监控采集已启动 taskId=4cd5920e58e84f7b
2026-08-28 16:53:36 [http-nio-9091-exec-6] INFO  c.o.server.controller.NodeController - [Heartbeat] 节点=3 diskInfoJson=[{"mountPoint":"/","totalGB":1007,"usedGB":10,"fre
2026-08-28 16:53:36 [http-nio-9091-exec-6] INFO  c.o.server.controller.NodeController - [Heartbeat] updateDiskInfo成功 节点=3
2026-08-28 16:53:36 [http-nio-9091-exec-6] DEBUG c.o.server.controller.NodeController - 监控快照 节点=3 项目=1 进程=RUNNING 健康=UP PID=65 主机CPU=1.1% 进程CPU=6.7% 主机内存=26% 进程内存=279MB 堆=17/184MB 磁盘=1% 详情=Agent主动上报
2026-08-28 16:53:53 [http-nio-9091-exec-10] INFO  c.o.server.controller.NodeController - [Heartbeat] 节点=2 diskInfoJson=[{"mountPoint":"/","totalGB":1007,"usedGB":10,"fre
2026-08-28 16:53:53 [http-nio-9091-exec-10] INFO  c.o.server.controller.NodeController - [Heartbeat] updateDiskInfo成功 节点=2
2026-08-28 16:53:54 [http-nio-9091-exec-8] INFO  c.o.server.controller.NodeController - [Heartbeat] 节点=1 diskInfoJson=[{"mountPoint":"/","totalGB":1007,"usedGB":10,"fre
2026-08-28 16:53:54 [http-nio-9091-exec-8] INFO  c.o.server.controller.NodeController - [Heartbeat] updateDiskInfo成功 节点=1
2026-08-28 16:54:24 [pool-8-thread-1] INFO  c.o.s.m.s.MonitorCollectorScheduler - 监控采集已启动 taskId=1edab2b133e84a6c
2026-08-28 16:54:36 [http-nio-9091-exec-3] INFO  c.o.server.controller.NodeController - [Heartbeat] 节点=3 diskInfoJson=[{"mountPoint":"/","totalGB":1007,"usedGB":10,"fre
2026-08-28 16:54:36 [http-nio-9091-exec-3] INFO  c.o.server.controller.NodeController - [Heartbeat] updateDiskInfo成功 节点=3
2026-08-28 16:54:36 [http-nio-9091-exec-3] DEBUG c.o.server.controller.NodeController - 监控快照 节点=3 项目=1 进程=RUNNING 健康=UP PID=65 主机CPU=1.1% 进程CPU=5.0% 主机内存=25% 进程内存=279MB 堆=18/184MB 磁盘=1% 详情=Agent主动上报
2026-08-28 16:54:53 [http-nio-9091-exec-5] INFO  c.o.server.controller.NodeController - [Heartbeat] 节点=2 diskInfoJson=[{"mountPoint":"/","totalGB":1007,"usedGB":10,"fre
2026-08-28 16:54:53 [http-nio-9091-exec-5] INFO  c.o.server.controller.NodeController - [Heartbeat] updateDiskInfo成功 节点=2
2026-08-28 16:54:54 [http-nio-9091-exec-9] INFO  c.o.server.controller.NodeController - [Heartbeat] 节点=1 diskInfoJson=[{"mountPoint":"/","totalGB":1007,"usedGB":10,"fre
2026-08-28 16:54:54 [http-nio-9091-exec-9] INFO  c.o.server.controller.NodeController - [Heartbeat] updateDiskInfo成功 节点=1
2026-08-28 16:55:24 [pool-8-thread-1] INFO  c.o.s.m.s.MonitorCollectorScheduler - 监控采集已启动 taskId=0b8f4d406d5449b4
2026-08-28 16:55:36 [http-nio-9091-exec-4] INFO  c.o.server.controller.NodeController - [Heartbeat] 节点=3 diskInfoJson=[{"mountPoint":"/","totalGB":1007,"usedGB":10,"fre
2026-08-28 16:55:36 [http-nio-9091-exec-4] INFO  c.o.server.controller.NodeController - [Heartbeat] updateDiskInfo成功 节点=3
2026-08-28 16:55:36 [http-nio-9091-exec-4] DEBUG c.o.server.controller.NodeController - 监控快照 节点=3 项目=1 进程=RUNNING 健康=UP PID=65 主机CPU=1.1% 进程CPU=4.0% 主机内存=25% 进程内存=280MB 堆=19/184MB 磁盘=1% 详情=Agent主动上报
2026-08-28 16:55:53 [http-nio-9091-exec-1] INFO  c.o.server.controller.NodeController - [Heartbeat] 节点=2 diskInfoJson=[{"mountPoint":"/","totalGB":1007,"usedGB":10,"fre
2026-08-28 16:55:53 [http-nio-9091-exec-1] INFO  c.o.server.controller.NodeController - [Heartbeat] updateDiskInfo成功 节点=2
2026-08-28 16:55:54 [http-nio-9091-exec-6] INFO  c.o.server.controller.NodeController - [Heartbeat] 节点=1 diskInfoJson=[{"mountPoint":"/","totalGB":1007,"usedGB":10,"fre
2026-08-28 16:55:54 [http-nio-9091-exec-6] INFO  c.o.server.controller.NodeController - [Heartbeat] updateDiskInfo成功 节点=1
2026-08-28 16:56:24 [pool-8-thread-1] INFO  c.o.s.m.s.MonitorCollectorScheduler - 监控采集已启动 taskId=6d5897e35d7547d3
2026-08-28 16:56:33 [http-nio-9091-exec-8] DEBUG o.s.w.s.h.LoggingWebSocketHandlerDecorator - StandardWebSocketSession[id=d861ae6d-2899-0d3b-039e-20f1da67df15, uri=ws://127.0.0.1:9091/api/ws/notification?token=cU1GpKYYCzjMVyDW%2BKkER8tYciFy2%2FEdQbYh5nUfihs%3D-1787906157013] closed with CloseStatus[code=1001, reason=null]
2026-08-28 16:56:33 [http-nio-9091-exec-10] DEBUG o.s.w.s.h.LoggingWebSocketHandlerDecorator - StandardWebSocketSession[id=0e23bb5b-a627-4f75-4387-b7e7b42f07cb, uri=ws://127.0.0.1:9091/api/ws/monitor?token=cU1GpKYYCzjMVyDW%2BKkER8tYciFy2%2FEdQbYh5nUfihs%3D-1787906157013] closed with CloseStatus[code=1001, reason=null]
2026-08-28 16:56:33 [http-nio-9091-exec-8] INFO  c.o.s.s.w.NotificationHandler - Notification WS closed: d861ae6d-2899-0d3b-039e-20f1da67df15
2026-08-28 16:56:33 [http-nio-9091-exec-10] INFO  c.o.server.websocket.MonitorHandler - Monitor WebSocket closed: 0e23bb5b-a627-4f75-4387-b7e7b42f07cb
2026-08-28 16:56:36 [http-nio-9091-exec-3] DEBUG o.s.w.s.s.s.WebSocketHandlerMapping - Mapped to org.springframework.web.socket.server.support.WebSocketHttpRequestHandler@37091312
2026-08-28 16:56:36 [http-nio-9091-exec-3] DEBUG o.s.w.s.s.s.WebSocketHttpRequestHandler - GET /api/ws/notification
2026-08-28 16:56:36 [http-nio-9091-exec-3] DEBUG c.o.s.i.WebSocketAuthInterceptor - WebSocket authenticated successfully for user: admin
2026-08-28 16:56:36 [http-nio-9091-exec-3] DEBUG o.s.w.s.h.LoggingWebSocketHandlerDecorator - New StandardWebSocketSession[id=548350b0-de45-faeb-5381-4bfea904f9f6, uri=ws://127.0.0.1:9091/api/ws/notification?token=cU1GpKYYCzjMVyDW%2BKkER8tYciFy2%2FEdQbYh5nUfihs%3D-1787906157013]
2026-08-28 16:56:36 [http-nio-9091-exec-3] INFO  c.o.s.s.w.NotificationHandler - Notification WS connected: userId=1
2026-08-28 16:56:36 [http-nio-9091-exec-6] DEBUG o.s.w.s.s.s.WebSocketHandlerMapping - Mapped to org.springframework.web.socket.server.support.WebSocketHttpRequestHandler@604c5de8
2026-08-28 16:56:36 [http-nio-9091-exec-6] DEBUG o.s.w.s.s.s.WebSocketHttpRequestHandler - GET /api/ws/monitor
2026-08-28 16:56:36 [http-nio-9091-exec-6] DEBUG c.o.s.i.WebSocketAuthInterceptor - WebSocket authenticated successfully for user: admin
2026-08-28 16:56:36 [http-nio-9091-exec-6] DEBUG o.s.w.s.h.LoggingWebSocketHandlerDecorator - New StandardWebSocketSession[id=4ee7256b-7b64-b0cb-99ca-9ed4834488c4, uri=ws://127.0.0.1:9091/api/ws/monitor?token=cU1GpKYYCzjMVyDW%2BKkER8tYciFy2%2FEdQbYh5nUfihs%3D-1787906157013]
2026-08-28 16:56:36 [http-nio-9091-exec-6] INFO  c.o.server.websocket.MonitorHandler - Monitor WebSocket connected: 4ee7256b-7b64-b0cb-99ca-9ed4834488c4
2026-08-28 16:56:37 [http-nio-9091-exec-8] INFO  c.o.server.controller.NodeController - [Heartbeat] 节点=3 diskInfoJson=[{"mountPoint":"/","totalGB":1007,"usedGB":10,"fre
2026-08-28 16:56:37 [http-nio-9091-exec-8] INFO  c.o.server.controller.NodeController - [Heartbeat] updateDiskInfo成功 节点=3
2026-08-28 16:56:37 [http-nio-9091-exec-8] DEBUG c.o.server.controller.NodeController - 监控快照 节点=3 项目=1 进程=RUNNING 健康=UP PID=65 主机CPU=1.1% 进程CPU=3.4% 主机内存=25% 进程内存=280MB 堆=21/184MB 磁盘=1% 详情=Agent主动上报
2026-08-28 16:56:43 [http-nio-9091-exec-10] INFO  c.o.s.arthas.ArthasDiagnoseService - Arthas 诊断会话启动成功: sessionId=0f4b411c89294444, projectId=1, nodeId=3, pid=65
2026-08-28 16:56:53 [http-nio-9091-exec-5] INFO  c.o.server.controller.NodeController - [Heartbeat] 节点=2 diskInfoJson=[{"mountPoint":"/","totalGB":1007,"usedGB":10,"fre
2026-08-28 16:56:53 [http-nio-9091-exec-5] INFO  c.o.server.controller.NodeController - [Heartbeat] updateDiskInfo成功 节点=2
2026-08-28 16:56:54 [http-nio-9091-exec-4] INFO  c.o.server.controller.NodeController - [Heartbeat] 节点=1 diskInfoJson=[{"mountPoint":"/","totalGB":1007,"usedGB":10,"fre
2026-08-28 16:56:54 [http-nio-9091-exec-4] INFO  c.o.server.controller.NodeController - [Heartbeat] updateDiskInfo成功 节点=1
2026-08-28 16:57:24 [pool-8-thread-1] INFO  c.o.s.m.s.MonitorCollectorScheduler - 监控采集已启动 taskId=6b78a3655e3b4aca
2026-08-28 16:57:36 [http-nio-9091-exec-7] INFO  c.o.server.controller.NodeController - [Heartbeat] 节点=3 diskInfoJson=[{"mountPoint":"/","totalGB":1007,"usedGB":10,"fre
2026-08-28 16:57:36 [http-nio-9091-exec-7] INFO  c.o.server.controller.NodeController - [Heartbeat] updateDiskInfo成功 节点=3
2026-08-28 16:57:36 [http-nio-9091-exec-7] DEBUG c.o.server.controller.NodeController - 监控快照 节点=3 项目=1 进程=RUNNING 健康=UP PID=65 主机CPU=3.0% 进程CPU=4.5% 主机内存=27% 进程内存=374MB 堆=137/228MB 磁盘=1% 详情=Agent主动上报
2026-08-28 16:57:53 [http-nio-9091-exec-2] INFO  c.o.server.controller.NodeController - [Heartbeat] 节点=2 diskInfoJson=[{"mountPoint":"/","totalGB":1007,"usedGB":10,"fre
2026-08-28 16:57:53 [http-nio-9091-exec-2] INFO  c.o.server.controller.NodeController - [Heartbeat] updateDiskInfo成功 节点=2
2026-08-28 16:57:54 [http-nio-9091-exec-5] INFO  c.o.server.controller.NodeController - [Heartbeat] 节点=1 diskInfoJson=[{"mountPoint":"/","totalGB":1007,"usedGB":10,"fre
2026-08-28 16:57:54 [http-nio-9091-exec-5] INFO  c.o.server.controller.NodeController - [Heartbeat] updateDiskInfo成功 节点=1
2026-08-28 16:58:24 [pool-8-thread-1] INFO  c.o.s.m.s.MonitorCollectorScheduler - 监控采集已启动 taskId=27dee42c1b2d4e67
2026-08-28 16:58:36 [http-nio-9091-exec-6] INFO  c.o.server.controller.NodeController - [Heartbeat] 节点=3 diskInfoJson=[{"mountPoint":"/","totalGB":1007,"usedGB":10,"fre
2026-08-28 16:58:36 [http-nio-9091-exec-6] INFO  c.o.server.controller.NodeController - [Heartbeat] updateDiskInfo成功 节点=3
2026-08-28 16:58:36 [http-nio-9091-exec-6] DEBUG c.o.server.controller.NodeController - 监控快照 节点=3 项目=1 进程=RUNNING 健康=UP PID=65 主机CPU=0.9% 进程CPU=4.0% 主机内存=27% 进程内存=375MB 堆=139/228MB 磁盘=1% 详情=Agent主动上报
2026-08-28 16:58:53 [http-nio-9091-exec-10] INFO  c.o.server.controller.NodeController - [Heartbeat] 节点=2 diskInfoJson=[{"mountPoint":"/","totalGB":1007,"usedGB":10,"fre
2026-08-28 16:58:53 [http-nio-9091-exec-10] INFO  c.o.server.controller.NodeController - [Heartbeat] updateDiskInfo成功 节点=2
2026-08-28 16:58:54 [http-nio-9091-exec-3] INFO  c.o.server.controller.NodeController - [Heartbeat] 节点=1 diskInfoJson=[{"mountPoint":"/","totalGB":1007,"usedGB":10,"fre
2026-08-28 16:58:54 [http-nio-9091-exec-3] INFO  c.o.server.controller.NodeController - [Heartbeat] updateDiskInfo成功 节点=1
2026-08-28 16:59:24 [pool-8-thread-1] INFO  c.o.s.m.s.MonitorCollectorScheduler - 监控采集已启动 taskId=e1f99c98aed44530
2026-08-28 16:59:37 [http-nio-9091-exec-9] INFO  c.o.server.controller.NodeController - [Heartbeat] 节点=3 diskInfoJson=[{"mountPoint":"/","totalGB":1007,"usedGB":10,"fre
2026-08-28 16:59:37 [http-nio-9091-exec-9] INFO  c.o.server.controller.NodeController - [Heartbeat] updateDiskInfo成功 节点=3
2026-08-28 16:59:37 [http-nio-9091-exec-9] DEBUG c.o.server.controller.NodeController - 监控快照 节点=3 项目=1 进程=RUNNING 健康=UP PID=65 主机CPU=0.9% 进程CPU=3.6% 主机内存=27% 进程内存=375MB 堆=141/228MB 磁盘=1% 详情=Agent主动上报
2026-08-28 16:59:53 [http-nio-9091-exec-4] INFO  c.o.server.controller.NodeController - [Heartbeat] 节点=2 diskInfoJson=[{"mountPoint":"/","totalGB":1007,"usedGB":10,"fre
2026-08-28 16:59:53 [http-nio-9091-exec-4] INFO  c.o.server.controller.NodeController - [Heartbeat] updateDiskInfo成功 节点=2
2026-08-28 16:59:54 [http-nio-9091-exec-5] INFO  c.o.server.controller.NodeController - [Heartbeat] 节点=1 diskInfoJson=[{"mountPoint":"/","totalGB":1007,"usedGB":10,"fre
2026-08-28 16:59:54 [http-nio-9091-exec-5] INFO  c.o.server.controller.NodeController - [Heartbeat] updateDiskInfo成功 节点=1
2026-08-28 17:00:24 [pool-8-thread-1] INFO  c.o.s.m.s.MonitorCollectorScheduler - 监控采集已启动 taskId=caf1ad53b00c432a
2026-08-28 17:00:36 [http-nio-9091-exec-2] INFO  c.o.server.controller.NodeController - [Heartbeat] 节点=3 diskInfoJson=[{"mountPoint":"/","totalGB":1007,"usedGB":10,"fre
2026-08-28 17:00:36 [http-nio-9091-exec-2] INFO  c.o.server.controller.NodeController - [Heartbeat] updateDiskInfo成功 节点=3
2026-08-28 17:00:36 [http-nio-9091-exec-2] DEBUG c.o.server.controller.NodeController - 监控快照 节点=3 项目=1 进程=RUNNING 健康=UP PID=65 主机CPU=1.5% 进程CPU=3.2% 主机内存=27% 进程内存=375MB 堆=142/228MB 磁盘=1% 详情=Agent主动上报
2026-08-28 17:00:53 [http-nio-9091-exec-6] INFO  c.o.server.controller.NodeController - [Heartbeat] 节点=2 diskInfoJson=[{"mountPoint":"/","totalGB":1007,"usedGB":10,"fre
2026-08-28 17:00:53 [http-nio-9091-exec-6] INFO  c.o.server.controller.NodeController - [Heartbeat] updateDiskInfo成功 节点=2
2026-08-28 17:00:54 [http-nio-9091-exec-8] INFO  c.o.server.controller.NodeController - [Heartbeat] 节点=1 diskInfoJson=[{"mountPoint":"/","totalGB":1007,"usedGB":10,"fre
2026-08-28 17:00:54 [http-nio-9091-exec-8] INFO  c.o.server.controller.NodeController - [Heartbeat] updateDiskInfo成功 节点=1
2026-08-28 17:01:24 [pool-8-thread-1] INFO  c.o.s.m.s.MonitorCollectorScheduler - 监控采集已启动 taskId=65c226abfaf44d89
2026-08-28 17:01:37 [http-nio-9091-exec-10] INFO  c.o.server.controller.NodeController - [Heartbeat] 节点=3 diskInfoJson=[{"mountPoint":"/","totalGB":1007,"usedGB":10,"fre
2026-08-28 17:01:37 [http-nio-9091-exec-10] INFO  c.o.server.controller.NodeController - [Heartbeat] updateDiskInfo成功 节点=3
2026-08-28 17:01:37 [http-nio-9091-exec-10] DEBUG c.o.server.controller.NodeController - 监控快照 节点=3 项目=1 进程=RUNNING 健康=UP PID=65 主机CPU=1.1% 进程CPU=3.0% 主机内存=27% 进程内存=375MB 堆=143/228MB 磁盘=1% 详情=Agent主动上报
2026-08-28 17:01:53 [http-nio-9091-exec-9] INFO  c.o.server.controller.NodeController - [Heartbeat] 节点=2 diskInfoJson=[{"mountPoint":"/","totalGB":1007,"usedGB":10,"fre
2026-08-28 17:01:53 [http-nio-9091-exec-9] INFO  c.o.server.controller.NodeController - [Heartbeat] updateDiskInfo成功 节点=2
2026-08-28 17:01:54 [http-nio-9091-exec-4] INFO  c.o.server.controller.NodeController - [Heartbeat] 节点=1 diskInfoJson=[{"mountPoint":"/","totalGB":1007,"usedGB":10,"fre
2026-08-28 17:01:54 [http-nio-9091-exec-4] INFO  c.o.server.controller.NodeController - [Heartbeat] updateDiskInfo成功 节点=1
2026-08-28 17:02:14 [http-nio-9091-exec-8] INFO  c.o.server.controller.NodeController - [Heartbeat] 节点=3 diskInfoJson=[{"mountPoint":"/","totalGB":1007,"usedGB":10,"fre
2026-08-28 17:02:14 [http-nio-9091-exec-8] INFO  c.o.server.controller.NodeController - [Heartbeat] updateDiskInfo成功 节点=3
2026-08-28 17:02:14 [http-nio-9091-exec-8] DEBUG c.o.server.controller.NodeController - 监控快照 节点=3 项目=1 进程=STOPPED 健康=DOWN PID=null 主机CPU=0.0% 进程CPU=0.0% 主机内存=22% 进程内存=375MB 堆=null/nullMB 磁盘=1% 详情=应用进程已停止
2026-08-28 17:02:24 [pool-8-thread-1] INFO  c.o.s.m.s.MonitorCollectorScheduler - 监控采集已启动 taskId=90127176007342b6
2026-08-28 17:02:53 [http-nio-9091-exec-1] INFO  c.o.server.controller.NodeController - [Heartbeat] 节点=2 diskInfoJson=[{"mountPoint":"/","totalGB":1007,"usedGB":10,"fre
2026-08-28 17:02:53 [http-nio-9091-exec-1] INFO  c.o.server.controller.NodeController - [Heartbeat] updateDiskInfo成功 节点=2
2026-08-28 17:02:54 [http-nio-9091-exec-6] INFO  c.o.server.controller.NodeController - [Heartbeat] 节点=1 diskInfoJson=[{"mountPoint":"/","totalGB":1007,"usedGB":10,"fre
2026-08-28 17:02:54 [http-nio-9091-exec-6] INFO  c.o.server.controller.NodeController - [Heartbeat] updateDiskInfo成功 节点=1
2026-08-28 17:03:14 [http-nio-9091-exec-3] INFO  c.o.server.controller.NodeController - [Heartbeat] 节点=3 diskInfoJson=[{"mountPoint":"/","totalGB":1007,"usedGB":10,"fre
2026-08-28 17:03:14 [http-nio-9091-exec-3] INFO  c.o.server.controller.NodeController - [Heartbeat] updateDiskInfo成功 节点=3
2026-08-28 17:03:14 [http-nio-9091-exec-3] DEBUG c.o.server.controller.NodeController - 监控快照 节点=3 项目=1 进程=RUNNING 健康=UP PID=65 主机CPU=5.5% 进程CPU=29.1% 主机内存=27% 进程内存=283MB 堆=51/190MB 磁盘=1% 详情=Agent主动上报
2026-08-28 17:03:19 [http-nio-9091-exec-4] ERROR c.ops.server.arthas.ArthasAgentProxy - Arthas Agent 请求失败: url=http://127.0.0.1:2123/api/arthas/exec, body={timeoutMs=10000, pid=65, command=profiler start --event cpu}, error=Agent 返回错误: 命令执行失败: Arthas 会话不存在或已结束: pid=65
2026-08-28 17:03:19 [http-nio-9091-exec-4] ERROR c.o.s.c.ArthasDiagnoseController - 执行命令失败: sessionId=0f4b411c89294444, command=profiler start --event cpu, error=Agent 请求失败: Agent 返回错误: 命令执行失败: Arthas 会话不存在或已结束: pid=65
2026-08-28 17:03:24 [pool-8-thread-1] INFO  c.o.s.m.s.MonitorCollectorScheduler - 监控采集已启动 taskId=a4f7c15195314021
2026-08-28 17:03:53 [http-nio-9091-exec-7] INFO  c.o.server.controller.NodeController - [Heartbeat] 节点=2 diskInfoJson=[{"mountPoint":"/","totalGB":1007,"usedGB":10,"fre
2026-08-28 17:03:53 [http-nio-9091-exec-7] INFO  c.o.server.controller.NodeController - [Heartbeat] updateDiskInfo成功 节点=2
2026-08-28 17:03:54 [http-nio-9091-exec-9] INFO  c.o.server.controller.NodeController - [Heartbeat] 节点=1 diskInfoJson=[{"mountPoint":"/","totalGB":1007,"usedGB":10,"fre
2026-08-28 17:03:54 [http-nio-9091-exec-9] INFO  c.o.server.controller.NodeController - [Heartbeat] updateDiskInfo成功 节点=1
2026-08-28 17:04:14 [http-nio-9091-exec-6] INFO  c.o.server.controller.NodeController - [Heartbeat] 节点=3 diskInfoJson=[{"mountPoint":"/","totalGB":1007,"usedGB":10,"fre
2026-08-28 17:04:14 [http-nio-9091-exec-6] INFO  c.o.server.controller.NodeController - [Heartbeat] updateDiskInfo成功 节点=3
2026-08-28 17:04:14 [http-nio-9091-exec-6] DEBUG c.o.server.controller.NodeController - 监控快照 节点=3 项目=1 进程=RUNNING 健康=UP PID=65 主机CPU=1.9% 进程CPU=17.1% 主机内存=27% 进程内存=338MB 堆=131/266MB 磁盘=1% 详情=Agent主动上报
2026-08-28 17:04:24 [pool-8-thread-1] INFO  c.o.s.m.s.MonitorCollectorScheduler - 监控采集已启动 taskId=a3796bbda1ba444b
2026-08-28 17:04:53 [http-nio-9091-exec-2] INFO  c.o.server.controller.NodeController - [Heartbeat] 节点=2 diskInfoJson=[{"mountPoint":"/","totalGB":1007,"usedGB":10,"fre
2026-08-28 17:04:53 [http-nio-9091-exec-2] INFO  c.o.server.controller.NodeController - [Heartbeat] updateDiskInfo成功 节点=2
2026-08-28 17:04:54 [http-nio-9091-exec-1] INFO  c.o.server.controller.NodeController - [Heartbeat] 节点=1 diskInfoJson=[{"mountPoint":"/","totalGB":1007,"usedGB":10,"fre
2026-08-28 17:04:54 [http-nio-9091-exec-1] INFO  c.o.server.controller.NodeController - [Heartbeat] updateDiskInfo成功 节点=1
2026-08-28 17:05:14 [http-nio-9091-exec-7] INFO  c.o.server.controller.NodeController - [Heartbeat] 节点=3 diskInfoJson=[{"mountPoint":"/","totalGB":1007,"usedGB":10,"fre
2026-08-28 17:05:14 [http-nio-9091-exec-7] INFO  c.o.server.controller.NodeController - [Heartbeat] updateDiskInfo成功 节点=3
2026-08-28 17:05:14 [http-nio-9091-exec-7] DEBUG c.o.server.controller.NodeController - 监控快照 节点=3 项目=1 进程=RUNNING 健康=UP PID=65 主机CPU=1.1% 进程CPU=11.4% 主机内存=27% 进程内存=354MB 堆=136/266MB 磁盘=1% 详情=Agent主动上报
2026-08-28 17:05:24 [pool-8-thread-1] INFO  c.o.s.m.s.MonitorCollectorScheduler - 监控采集已启动 taskId=9272631e171a4c05
2026-08-28 17:05:53 [http-nio-9091-exec-10] INFO  c.o.server.controller.NodeController - [Heartbeat] 节点=2 diskInfoJson=[{"mountPoint":"/","totalGB":1007,"usedGB":10,"fre
2026-08-28 17:05:53 [http-nio-9091-exec-10] INFO  c.o.server.controller.NodeController - [Heartbeat] updateDiskInfo成功 节点=2
2026-08-28 17:05:54 [http-nio-9091-exec-3] INFO  c.o.server.controller.NodeController - [Heartbeat] 节点=1 diskInfoJson=[{"mountPoint":"/","totalGB":1007,"usedGB":10,"fre
2026-08-28 17:05:54 [http-nio-9091-exec-3] INFO  c.o.server.controller.NodeController - [Heartbeat] updateDiskInfo成功 节点=1
2026-08-28 17:06:14 [http-nio-9091-exec-2] INFO  c.o.server.controller.NodeController - [Heartbeat] 节点=3 diskInfoJson=[{"mountPoint":"/","totalGB":1007,"usedGB":10,"fre
2026-08-28 17:06:14 [http-nio-9091-exec-2] INFO  c.o.server.controller.NodeController - [Heartbeat] updateDiskInfo成功 节点=3
2026-08-28 17:06:14 [http-nio-9091-exec-2] DEBUG c.o.server.controller.NodeController - 监控快照 节点=3 项目=1 进程=RUNNING 健康=UP PID=65 主机CPU=1.0% 进程CPU=8.6% 主机内存=28% 进程内存=354MB 堆=138/266MB 磁盘=1% 详情=Agent主动上报
2026-08-28 17:06:24 [pool-8-thread-1] INFO  c.o.s.m.s.MonitorCollectorScheduler - 监控采集已启动 taskId=dfbff385e2174bba
2026-08-28 17:06:53 [http-nio-9091-exec-5] INFO  c.o.server.controller.NodeController - [Heartbeat] 节点=2 diskInfoJson=[{"mountPoint":"/","totalGB":1007,"usedGB":10,"fre
2026-08-28 17:06:53 [http-nio-9091-exec-5] INFO  c.o.server.controller.NodeController - [Heartbeat] updateDiskInfo成功 节点=2
2026-08-28 17:06:54 [http-nio-9091-exec-4] INFO  c.o.server.controller.NodeController - [Heartbeat] 节点=1 diskInfoJson=[{"mountPoint":"/","totalGB":1007,"usedGB":10,"fre
2026-08-28 17:06:54 [http-nio-9091-exec-4] INFO  c.o.server.controller.NodeController - [Heartbeat] updateDiskInfo成功 节点=1
2026-08-28 17:07:14 [http-nio-9091-exec-10] INFO  c.o.server.controller.NodeController - [Heartbeat] 节点=3 diskInfoJson=[{"mountPoint":"/","totalGB":1007,"usedGB":10,"fre
2026-08-28 17:07:14 [http-nio-9091-exec-10] INFO  c.o.server.controller.NodeController - [Heartbeat] updateDiskInfo成功 节点=3
2026-08-28 17:07:14 [http-nio-9091-exec-10] DEBUG c.o.server.controller.NodeController - 监控快照 节点=3 项目=1 进程=RUNNING 健康=UP PID=65 主机CPU=1.1% 进程CPU=7.0% 主机内存=28% 进程内存=359MB 堆=147/266MB 磁盘=1% 详情=Agent主动上报
2026-08-28 17:07:24 [pool-8-thread-1] INFO  c.o.s.m.s.MonitorCollectorScheduler - 监控采集已启动 taskId=7fdbd3036994461c
2026-08-28 17:07:53 [http-nio-9091-exec-6] INFO  c.o.server.controller.NodeController - [Heartbeat] 节点=2 diskInfoJson=[{"mountPoint":"/","totalGB":1007,"usedGB":10,"fre
2026-08-28 17:07:53 [http-nio-9091-exec-6] INFO  c.o.server.controller.NodeController - [Heartbeat] updateDiskInfo成功 节点=2
2026-08-28 17:07:54 [http-nio-9091-exec-8] INFO  c.o.server.controller.NodeController - [Heartbeat] 节点=1 diskInfoJson=[{"mountPoint":"/","totalGB":1007,"usedGB":10,"fre
2026-08-28 17:07:54 [http-nio-9091-exec-8] INFO  c.o.server.controller.NodeController - [Heartbeat] updateDiskInfo成功 节点=1
2026-08-28 17:07:59 [http-nio-9091-exec-3] DEBUG o.s.w.s.h.LoggingWebSocketHandlerDecorator - StandardWebSocketSession[id=4ee7256b-7b64-b0cb-99ca-9ed4834488c4, uri=ws://127.0.0.1:9091/api/ws/monitor?token=cU1GpKYYCzjMVyDW%2BKkER8tYciFy2%2FEdQbYh5nUfihs%3D-1787906157013] closed with CloseStatus[code=1001, reason=null]
2026-08-28 17:07:59 [http-nio-9091-exec-3] INFO  c.o.server.websocket.MonitorHandler - Monitor WebSocket closed: 4ee7256b-7b64-b0cb-99ca-9ed4834488c4
2026-08-28 17:07:59 [http-nio-9091-exec-10] DEBUG o.s.w.s.h.LoggingWebSocketHandlerDecorator - StandardWebSocketSession[id=548350b0-de45-faeb-5381-4bfea904f9f6, uri=ws://127.0.0.1:9091/api/ws/notification?token=cU1GpKYYCzjMVyDW%2BKkER8tYciFy2%2FEdQbYh5nUfihs%3D-1787906157013] closed with CloseStatus[code=1001, reason=null]
2026-08-28 17:07:59 [http-nio-9091-exec-10] INFO  c.o.s.s.w.NotificationHandler - Notification WS closed: 548350b0-de45-faeb-5381-4bfea904f9f6
2026-08-28 17:08:01 [http-nio-9091-exec-4] DEBUG o.s.w.s.s.s.WebSocketHandlerMapping - Mapped to org.springframework.web.socket.server.support.WebSocketHttpRequestHandler@37091312
2026-08-28 17:08:01 [http-nio-9091-exec-4] DEBUG o.s.w.s.s.s.WebSocketHttpRequestHandler - GET /api/ws/notification
2026-08-28 17:08:01 [http-nio-9091-exec-4] DEBUG c.o.s.i.WebSocketAuthInterceptor - WebSocket authenticated successfully for user: admin
2026-08-28 17:08:01 [http-nio-9091-exec-4] DEBUG o.s.w.s.h.LoggingWebSocketHandlerDecorator - New StandardWebSocketSession[id=07541e47-e869-be51-ad4a-d47139304da5, uri=ws://127.0.0.1:9091/api/ws/notification?token=cU1GpKYYCzjMVyDW%2BKkER8tYciFy2%2FEdQbYh5nUfihs%3D-1787906157013]
2026-08-28 17:08:01 [http-nio-9091-exec-4] INFO  c.o.s.s.w.NotificationHandler - Notification WS connected: userId=1
2026-08-28 17:08:01 [http-nio-9091-exec-10] DEBUG o.s.w.s.s.s.WebSocketHandlerMapping - Mapped to org.springframework.web.socket.server.support.WebSocketHttpRequestHandler@604c5de8
2026-08-28 17:08:01 [http-nio-9091-exec-10] DEBUG o.s.w.s.s.s.WebSocketHttpRequestHandler - GET /api/ws/monitor
2026-08-28 17:08:01 [http-nio-9091-exec-10] DEBUG c.o.s.i.WebSocketAuthInterceptor - WebSocket authenticated successfully for user: admin
2026-08-28 17:08:01 [http-nio-9091-exec-10] DEBUG o.s.w.s.h.LoggingWebSocketHandlerDecorator - New StandardWebSocketSession[id=dd495611-3924-aac0-74e8-2b2f748a9b2b, uri=ws://127.0.0.1:9091/api/ws/monitor?token=cU1GpKYYCzjMVyDW%2BKkER8tYciFy2%2FEdQbYh5nUfihs%3D-1787906157013]
2026-08-28 17:08:01 [http-nio-9091-exec-10] INFO  c.o.server.websocket.MonitorHandler - Monitor WebSocket connected: dd495611-3924-aac0-74e8-2b2f748a9b2b
2026-08-28 17:08:02 [http-nio-9091-exec-7] INFO  c.o.s.arthas.ArthasDiagnoseService - Arthas 诊断会话启动成功: sessionId=61c5f3e96e734053, projectId=1, nodeId=3, pid=65
2026-08-28 17:08:14 [http-nio-9091-exec-6] INFO  c.o.server.controller.NodeController - [Heartbeat] 节点=3 diskInfoJson=[{"mountPoint":"/","totalGB":1007,"usedGB":10,"fre
2026-08-28 17:08:14 [http-nio-9091-exec-6] INFO  c.o.server.controller.NodeController - [Heartbeat] updateDiskInfo成功 节点=3
2026-08-28 17:08:14 [http-nio-9091-exec-6] DEBUG c.o.server.controller.NodeController - 监控快照 节点=3 项目=1 进程=RUNNING 健康=UP PID=65 主机CPU=0.9% 进程CPU=5.9% 主机内存=27% 进程内存=361MB 堆=153/266MB 磁盘=1% 详情=Agent主动上报
2026-08-28 17:08:24 [pool-8-thread-1] INFO  c.o.s.m.s.MonitorCollectorScheduler - 监控采集已启动 taskId=7dff7358f3aa4359
2026-08-28 17:08:53 [http-nio-9091-exec-9] INFO  c.o.server.controller.NodeController - [Heartbeat] 节点=2 diskInfoJson=[{"mountPoint":"/","totalGB":1007,"usedGB":10,"fre
2026-08-28 17:08:53 [http-nio-9091-exec-9] INFO  c.o.server.controller.NodeController - [Heartbeat] updateDiskInfo成功 节点=2
2026-08-28 17:08:54 [http-nio-9091-exec-5] INFO  c.o.server.controller.NodeController - [Heartbeat] 节点=1 diskInfoJson=[{"mountPoint":"/","totalGB":1007,"usedGB":10,"fre
2026-08-28 17:08:54 [http-nio-9091-exec-5] INFO  c.o.server.controller.NodeController - [Heartbeat] updateDiskInfo成功 节点=1
2026-08-28 17:09:14 [http-nio-9091-exec-10] INFO  c.o.server.controller.NodeController - [Heartbeat] 节点=3 diskInfoJson=[{"mountPoint":"/","totalGB":1007,"usedGB":10,"fre
2026-08-28 17:09:14 [http-nio-9091-exec-10] INFO  c.o.server.controller.NodeController - [Heartbeat] updateDiskInfo成功 节点=3
2026-08-28 17:09:14 [http-nio-9091-exec-10] DEBUG c.o.server.controller.NodeController - 监控快照 节点=3 项目=1 进程=RUNNING 健康=UP PID=65 主机CPU=0.8% 进程CPU=5.1% 主机内存=27% 进程内存=362MB 堆=156/266MB 磁盘=1% 详情=Agent主动上报
2026-08-28 17:09:24 [pool-8-thread-1] INFO  c.o.s.m.s.MonitorCollectorScheduler - 监控采集已启动 taskId=7ab326c4f9cd4c3d
2026-08-28 17:09:53 [http-nio-9091-exec-8] INFO  c.o.server.controller.NodeController - [Heartbeat] 节点=2 diskInfoJson=[{"mountPoint":"/","totalGB":1007,"usedGB":10,"fre
2026-08-28 17:09:53 [http-nio-9091-exec-8] INFO  c.o.server.controller.NodeController - [Heartbeat] updateDiskInfo成功 节点=2
2026-08-28 17:09:54 [http-nio-9091-exec-2] INFO  c.o.server.controller.NodeController - [Heartbeat] 节点=1 diskInfoJson=[{"mountPoint":"/","totalGB":1007,"usedGB":10,"fre
2026-08-28 17:09:54 [http-nio-9091-exec-2] INFO  c.o.server.controller.NodeController - [Heartbeat] updateDiskInfo成功 节点=1
2026-08-28 17:10:14 [http-nio-9091-exec-6] INFO  c.o.server.controller.NodeController - [Heartbeat] 节点=3 diskInfoJson=[{"mountPoint":"/","totalGB":1007,"usedGB":10,"fre
2026-08-28 17:10:14 [http-nio-9091-exec-6] INFO  c.o.server.controller.NodeController - [Heartbeat] updateDiskInfo成功 节点=3
2026-08-28 17:10:14 [http-nio-9091-exec-6] DEBUG c.o.server.controller.NodeController - 监控快照 节点=3 项目=1 进程=RUNNING 健康=UP PID=65 主机CPU=0.9% 进程CPU=4.4% 主机内存=28% 进程内存=363MB 堆=157/266MB 磁盘=1% 详情=Agent主动上报
2026-08-28 17:10:24 [pool-8-thread-1] INFO  c.o.s.m.s.MonitorCollectorScheduler - 监控采集已启动 taskId=a1a5e31256bf473b
2026-08-28 17:10:53 [http-nio-9091-exec-4] INFO  c.o.server.controller.NodeController - [Heartbeat] 节点=2 diskInfoJson=[{"mountPoint":"/","totalGB":1007,"usedGB":10,"fre
2026-08-28 17:10:53 [http-nio-9091-exec-4] INFO  c.o.server.controller.NodeController - [Heartbeat] updateDiskInfo成功 节点=2
2026-08-28 17:10:54 [http-nio-9091-exec-7] INFO  c.o.server.controller.NodeController - [Heartbeat] 节点=1 diskInfoJson=[{"mountPoint":"/","totalGB":1007,"usedGB":10,"fre
2026-08-28 17:10:54 [http-nio-9091-exec-7] INFO  c.o.server.controller.NodeController - [Heartbeat] updateDiskInfo成功 节点=1
2026-08-28 17:11:14 [http-nio-9091-exec-2] INFO  c.o.server.controller.NodeController - [Heartbeat] 节点=3 diskInfoJson=[{"mountPoint":"/","totalGB":1007,"usedGB":10,"fre
2026-08-28 17:11:14 [http-nio-9091-exec-2] INFO  c.o.server.controller.NodeController - [Heartbeat] updateDiskInfo成功 节点=3
2026-08-28 17:11:14 [http-nio-9091-exec-2] DEBUG c.o.server.controller.NodeController - 监控快照 节点=3 项目=1 进程=RUNNING 健康=UP PID=65 主机CPU=0.9% 进程CPU=4.0% 主机内存=27% 进程内存=363MB 堆=159/266MB 磁盘=1% 详情=Agent主动上报
2026-08-28 17:11:24 [pool-8-thread-1] INFO  c.o.s.m.s.MonitorCollectorScheduler - 监控采集已启动 taskId=d844b645d5ac4a6f
2026-08-28 17:11:53 [http-nio-9091-exec-8] INFO  c.o.server.controller.NodeController - [Heartbeat] 节点=2 diskInfoJson=[{"mountPoint":"/","totalGB":1007,"usedGB":10,"fre
2026-08-28 17:11:53 [http-nio-9091-exec-8] INFO  c.o.server.controller.NodeController - [Heartbeat] updateDiskInfo成功 节点=2
2026-08-28 17:11:54 [http-nio-9091-exec-3] INFO  c.o.server.controller.NodeController - [Heartbeat] 节点=1 diskInfoJson=[{"mountPoint":"/","totalGB":1007,"usedGB":10,"fre
2026-08-28 17:11:54 [http-nio-9091-exec-3] INFO  c.o.server.controller.NodeController - [Heartbeat] updateDiskInfo成功 节点=1
2026-08-28 17:12:14 [http-nio-9091-exec-6] INFO  c.o.server.controller.NodeController - [Heartbeat] 节点=3 diskInfoJson=[{"mountPoint":"/","totalGB":1007,"usedGB":10,"fre
2026-08-28 17:12:14 [http-nio-9091-exec-6] INFO  c.o.server.controller.NodeController - [Heartbeat] updateDiskInfo成功 节点=3
2026-08-28 17:12:14 [http-nio-9091-exec-6] DEBUG c.o.server.controller.NodeController - 监控快照 节点=3 项目=1 进程=RUNNING 健康=UP PID=65 主机CPU=0.8% 进程CPU=3.6% 主机内存=28% 进程内存=364MB 堆=160/266MB 磁盘=1% 详情=Agent主动上报
2026-08-28 17:12:24 [pool-8-thread-1] INFO  c.o.s.m.s.MonitorCollectorScheduler - 监控采集已启动 taskId=df55aae5124c4838
2026-08-28 17:12:53 [http-nio-9091-exec-7] INFO  c.o.server.controller.NodeController - [Heartbeat] 节点=2 diskInfoJson=[{"mountPoint":"/","totalGB":1007,"usedGB":10,"fre
2026-08-28 17:12:53 [http-nio-9091-exec-7] INFO  c.o.server.controller.NodeController - [Heartbeat] updateDiskInfo成功 节点=2
2026-08-28 17:12:54 [http-nio-9091-exec-4] INFO  c.o.server.controller.NodeController - [Heartbeat] 节点=1 diskInfoJson=[{"mountPoint":"/","totalGB":1007,"usedGB":10,"fre
2026-08-28 17:12:54 [http-nio-9091-exec-4] INFO  c.o.server.controller.NodeController - [Heartbeat] updateDiskInfo成功 节点=1
2026-08-28 17:13:14 [http-nio-9091-exec-3] INFO  c.o.server.controller.NodeController - [Heartbeat] 节点=3 diskInfoJson=[{"mountPoint":"/","totalGB":1007,"usedGB":10,"fre
2026-08-28 17:13:14 [http-nio-9091-exec-3] INFO  c.o.server.controller.NodeController - [Heartbeat] updateDiskInfo成功 节点=3
2026-08-28 17:13:14 [http-nio-9091-exec-3] DEBUG c.o.server.controller.NodeController - 监控快照 节点=3 项目=1 进程=RUNNING 健康=UP PID=65 主机CPU=1.0% 进程CPU=3.3% 主机内存=28% 进程内存=364MB 堆=160/266MB 磁盘=1% 详情=Agent主动上报
2026-08-28 17:13:24 [pool-8-thread-1] INFO  c.o.s.m.s.MonitorCollectorScheduler - 监控采集已启动 taskId=ff69c57415a044e5
2026-08-28 17:13:53 [http-nio-9091-exec-1] INFO  c.o.server.controller.NodeController - [Heartbeat] 节点=2 diskInfoJson=[{"mountPoint":"/","totalGB":1007,"usedGB":10,"fre
2026-08-28 17:13:53 [http-nio-9091-exec-1] INFO  c.o.server.controller.NodeController - [Heartbeat] updateDiskInfo成功 节点=2
2026-08-28 17:13:54 [http-nio-9091-exec-5] INFO  c.o.server.controller.NodeController - [Heartbeat] 节点=1 diskInfoJson=[{"mountPoint":"/","totalGB":1007,"usedGB":10,"fre
2026-08-28 17:13:54 [http-nio-9091-exec-5] INFO  c.o.server.controller.NodeController - [Heartbeat] updateDiskInfo成功 节点=1
2026-08-28 17:14:14 [http-nio-9091-exec-4] INFO  c.o.server.controller.NodeController - [Heartbeat] 节点=3 diskInfoJson=[{"mountPoint":"/","totalGB":1007,"usedGB":10,"fre
2026-08-28 17:14:14 [http-nio-9091-exec-4] INFO  c.o.server.controller.NodeController - [Heartbeat] updateDiskInfo成功 节点=3
2026-08-28 17:14:14 [http-nio-9091-exec-4] DEBUG c.o.server.controller.NodeController - 监控快照 节点=3 项目=1 进程=RUNNING 健康=UP PID=65 主机CPU=0.9% 进程CPU=3.0% 主机内存=28% 进程内存=365MB 堆=160/266MB 磁盘=1% 详情=Agent主动上报
2026-08-28 17:14:24 [pool-8-thread-1] INFO  c.o.s.m.s.MonitorCollectorScheduler - 监控采集已启动 taskId=61a53f30acfc49c4
2026-08-28 17:14:53 [http-nio-9091-exec-2] INFO  c.o.server.controller.NodeController - [Heartbeat] 节点=2 diskInfoJson=[{"mountPoint":"/","totalGB":1007,"usedGB":10,"fre
2026-08-28 17:14:53 [http-nio-9091-exec-2] INFO  c.o.server.controller.NodeController - [Heartbeat] updateDiskInfo成功 节点=2
2026-08-28 17:14:54 [http-nio-9091-exec-10] INFO  c.o.server.controller.NodeController - [Heartbeat] 节点=1 diskInfoJson=[{"mountPoint":"/","totalGB":1007,"usedGB":10,"fre
2026-08-28 17:14:54 [http-nio-9091-exec-10] INFO  c.o.server.controller.NodeController - [Heartbeat] updateDiskInfo成功 节点=1
2026-08-28 17:15:14 [http-nio-9091-exec-5] INFO  c.o.server.controller.NodeController - [Heartbeat] 节点=3 diskInfoJson=[{"mountPoint":"/","totalGB":1007,"usedGB":10,"fre
2026-08-28 17:15:14 [http-nio-9091-exec-5] INFO  c.o.server.controller.NodeController - [Heartbeat] updateDiskInfo成功 节点=3
2026-08-28 17:15:14 [http-nio-9091-exec-5] DEBUG c.o.server.controller.NodeController - 监控快照 节点=3 项目=1 进程=RUNNING 健康=UP PID=65 主机CPU=0.8% 进程CPU=2.8% 主机内存=28% 进程内存=365MB 堆=160/266MB 磁盘=1% 详情=Agent主动上报
2026-08-28 17:15:24 [pool-8-thread-1] INFO  c.o.s.m.s.MonitorCollectorScheduler - 监控采集已启动 taskId=7a5b9077cf644914
2026-08-28 17:15:53 [http-nio-9091-exec-9] INFO  c.o.server.controller.NodeController - [Heartbeat] 节点=2 diskInfoJson=[{"mountPoint":"/","totalGB":1007,"usedGB":10,"fre
2026-08-28 17:15:53 [http-nio-9091-exec-9] INFO  c.o.server.controller.NodeController - [Heartbeat] updateDiskInfo成功 节点=2
2026-08-28 17:15:54 [http-nio-9091-exec-6] INFO  c.o.server.controller.NodeController - [Heartbeat] 节点=1 diskInfoJson=[{"mountPoint":"/","totalGB":1007,"usedGB":10,"fre
2026-08-28 17:15:54 [http-nio-9091-exec-6] INFO  c.o.server.controller.NodeController - [Heartbeat] updateDiskInfo成功 节点=1
2026-08-28 17:16:14 [http-nio-9091-exec-7] INFO  c.o.server.controller.NodeController - [Heartbeat] 节点=3 diskInfoJson=[{"mountPoint":"/","totalGB":1007,"usedGB":10,"fre
2026-08-28 17:16:14 [http-nio-9091-exec-7] INFO  c.o.server.controller.NodeController - [Heartbeat] updateDiskInfo成功 节点=3
2026-08-28 17:16:14 [http-nio-9091-exec-7] DEBUG c.o.server.controller.NodeController - 监控快照 节点=3 项目=1 进程=RUNNING 健康=UP PID=65 主机CPU=0.8% 进程CPU=2.6% 主机内存=28% 进程内存=366MB 堆=160/266MB 磁盘=1% 详情=Agent主动上报
2026-08-28 17:16:24 [pool-8-thread-1] INFO  c.o.s.m.s.MonitorCollectorScheduler - 监控采集已启动 taskId=2b366e7902604602
2026-08-28 17:16:53 [http-nio-9091-exec-3] INFO  c.o.server.controller.NodeController - [Heartbeat] 节点=2 diskInfoJson=[{"mountPoint":"/","totalGB":1007,"usedGB":10,"fre
2026-08-28 17:16:53 [http-nio-9091-exec-3] INFO  c.o.server.controller.NodeController - [Heartbeat] updateDiskInfo成功 节点=2
2026-08-28 17:16:54 [http-nio-9091-exec-8] INFO  c.o.server.controller.NodeController - [Heartbeat] 节点=1 diskInfoJson=[{"mountPoint":"/","totalGB":1007,"usedGB":10,"fre
2026-08-28 17:16:54 [http-nio-9091-exec-8] INFO  c.o.server.controller.NodeController - [Heartbeat] updateDiskInfo成功 节点=1
2026-08-28 17:17:14 [http-nio-9091-exec-1] INFO  c.o.server.controller.NodeController - [Heartbeat] 节点=3 diskInfoJson=[{"mountPoint":"/","totalGB":1007,"usedGB":10,"fre
2026-08-28 17:17:14 [http-nio-9091-exec-1] INFO  c.o.server.controller.NodeController - [Heartbeat] updateDiskInfo成功 节点=3
2026-08-28 17:17:14 [http-nio-9091-exec-1] DEBUG c.o.server.controller.NodeController - 监控快照 节点=3 项目=1 进程=RUNNING 健康=UP PID=65 主机CPU=1.0% 进程CPU=2.4% 主机内存=28% 进程内存=366MB 堆=160/266MB 磁盘=1% 详情=Agent主动上报
2026-08-28 17:17:24 [pool-8-thread-1] INFO  c.o.s.m.s.MonitorCollectorScheduler - 监控采集已启动 taskId=8a144c108efe41fe
2026-08-28 17:17:53 [http-nio-9091-exec-10] INFO  c.o.server.controller.NodeController - [Heartbeat] 节点=2 diskInfoJson=[{"mountPoint":"/","totalGB":1007,"usedGB":10,"fre
2026-08-28 17:17:53 [http-nio-9091-exec-10] INFO  c.o.server.controller.NodeController - [Heartbeat] updateDiskInfo成功 节点=2
2026-08-28 17:17:54 [http-nio-9091-exec-4] INFO  c.o.server.controller.NodeController - [Heartbeat] 节点=1 diskInfoJson=[{"mountPoint":"/","totalGB":1007,"usedGB":10,"fre
2026-08-28 17:17:54 [http-nio-9091-exec-4] INFO  c.o.server.controller.NodeController - [Heartbeat] updateDiskInfo成功 节点=1
2026-08-28 17:18:14 [http-nio-9091-exec-8] INFO  c.o.server.controller.NodeController - [Heartbeat] 节点=3 diskInfoJson=[{"mountPoint":"/","totalGB":1007,"usedGB":10,"fre
2026-08-28 17:18:14 [http-nio-9091-exec-8] INFO  c.o.server.controller.NodeController - [Heartbeat] updateDiskInfo成功 节点=3
2026-08-28 17:18:14 [http-nio-9091-exec-8] DEBUG c.o.server.controller.NodeController - 监控快照 节点=3 项目=1 进程=RUNNING 健康=UP PID=65 主机CPU=1.5% 进程CPU=2.4% 主机内存=28% 进程内存=376MB 堆=167/266MB 磁盘=1% 详情=Agent主动上报
2026-08-28 17:18:24 [pool-8-thread-1] INFO  c.o.s.m.s.MonitorCollectorScheduler - 监控采集已启动 taskId=ca40945422674758
2026-08-28 17:18:53 [http-nio-9091-exec-6] INFO  c.o.server.controller.NodeController - [Heartbeat] 节点=2 diskInfoJson=[{"mountPoint":"/","totalGB":1007,"usedGB":10,"fre
2026-08-28 17:18:53 [http-nio-9091-exec-6] INFO  c.o.server.controller.NodeController - [Heartbeat] updateDiskInfo成功 节点=2
2026-08-28 17:18:54 [http-nio-9091-exec-5] INFO  c.o.server.controller.NodeController - [Heartbeat] 节点=1 diskInfoJson=[{"mountPoint":"/","totalGB":1007,"usedGB":10,"fre
2026-08-28 17:18:54 [http-nio-9091-exec-5] INFO  c.o.server.controller.NodeController - [Heartbeat] updateDiskInfo成功 节点=1
2026-08-28 17:19:14 [http-nio-9091-exec-9] INFO  c.o.server.controller.NodeController - [Heartbeat] 节点=3 diskInfoJson=[{"mountPoint":"/","totalGB":1007,"usedGB":10,"fre
2026-08-28 17:19:14 [http-nio-9091-exec-9] INFO  c.o.server.controller.NodeController - [Heartbeat] updateDiskInfo成功 节点=3
2026-08-28 17:19:14 [http-nio-9091-exec-9] DEBUG c.o.server.controller.NodeController - 监控快照 节点=3 项目=1 进程=RUNNING 健康=UP PID=65 主机CPU=12.8% 进程CPU=3.7% 主机内存=33% 进程内存=477MB 堆=178/337MB 磁盘=1% 详情=Agent主动上报
2026-08-28 17:19:24 [pool-8-thread-1] INFO  c.o.s.m.s.MonitorCollectorScheduler - 监控采集已启动 taskId=4a9f3fc1ad07434e
2026-08-28 17:19:53 [http-nio-9091-exec-2] INFO  c.o.server.controller.NodeController - [Heartbeat] 节点=2 diskInfoJson=[{"mountPoint":"/","totalGB":1007,"usedGB":10,"fre
2026-08-28 17:19:53 [http-nio-9091-exec-2] INFO  c.o.server.controller.NodeController - [Heartbeat] updateDiskInfo成功 节点=2
2026-08-28 17:19:54 [http-nio-9091-exec-7] INFO  c.o.server.controller.NodeController - [Heartbeat] 节点=1 diskInfoJson=[{"mountPoint":"/","totalGB":1007,"usedGB":10,"fre
2026-08-28 17:19:54 [http-nio-9091-exec-7] INFO  c.o.server.controller.NodeController - [Heartbeat] updateDiskInfo成功 节点=1
2026-08-28 17:20:14 [http-nio-9091-exec-3] INFO  c.o.server.controller.NodeController - [Heartbeat] 节点=3 diskInfoJson=[{"mountPoint":"/","totalGB":1007,"usedGB":10,"fre
2026-08-28 17:20:14 [http-nio-9091-exec-3] INFO  c.o.server.controller.NodeController - [Heartbeat] updateDiskInfo成功 节点=3
2026-08-28 17:20:14 [http-nio-9091-exec-3] DEBUG c.o.server.controller.NodeController - 监控快照 节点=3 项目=1 进程=RUNNING 健康=UP PID=65 主机CPU=17.9% 进程CPU=4.7% 主机内存=33% 进程内存=532MB 堆=257/409MB 磁盘=1% 详情=Agent主动上报
2026-08-28 17:20:24 [pool-8-thread-1] INFO  c.o.s.m.s.MonitorCollectorScheduler - 监控采集已启动 taskId=8f5ff8ef4d384cba
2026-08-28 17:20:53 [http-nio-9091-exec-4] INFO  c.o.server.controller.NodeController - [Heartbeat] 节点=2 diskInfoJson=[{"mountPoint":"/","totalGB":1007,"usedGB":10,"fre
2026-08-28 17:20:53 [http-nio-9091-exec-4] INFO  c.o.server.controller.NodeController - [Heartbeat] updateDiskInfo成功 节点=2
2026-08-28 17:20:54 [http-nio-9091-exec-1] INFO  c.o.server.controller.NodeController - [Heartbeat] 节点=1 diskInfoJson=[{"mountPoint":"/","totalGB":1007,"usedGB":10,"fre
2026-08-28 17:20:54 [http-nio-9091-exec-1] INFO  c.o.server.controller.NodeController - [Heartbeat] updateDiskInfo成功 节点=1
2026-08-28 17:21:14 [http-nio-9091-exec-7] INFO  c.o.server.controller.NodeController - [Heartbeat] 节点=3 diskInfoJson=[{"mountPoint":"/","totalGB":1007,"usedGB":10,"fre
2026-08-28 17:21:14 [http-nio-9091-exec-7] INFO  c.o.server.controller.NodeController - [Heartbeat] updateDiskInfo成功 节点=3
2026-08-28 17:21:14 [http-nio-9091-exec-7] DEBUG c.o.server.controller.NodeController - 监控快照 节点=3 项目=1 进程=RUNNING 健康=UP PID=65 主机CPU=16.6% 进程CPU=5.1% 主机内存=33% 进程内存=546MB 堆=53/441MB 磁盘=1% 详情=Agent主动上报
2026-08-28 17:21:24 [pool-8-thread-1] INFO  c.o.s.m.s.MonitorCollectorScheduler - 监控采集已启动 taskId=feb9cc2e86c644ce
2026-08-28 17:21:53 [http-nio-9091-exec-8] INFO  c.o.server.controller.NodeController - [Heartbeat] 节点=2 diskInfoJson=[{"mountPoint":"/","totalGB":1007,"usedGB":10,"fre
2026-08-28 17:21:53 [http-nio-9091-exec-8] INFO  c.o.server.controller.NodeController - [Heartbeat] updateDiskInfo成功 节点=2
2026-08-28 17:21:54 [http-nio-9091-exec-5] INFO  c.o.server.controller.NodeController - [Heartbeat] 节点=1 diskInfoJson=[{"mountPoint":"/","totalGB":1007,"usedGB":10,"fre
2026-08-28 17:21:54 [http-nio-9091-exec-5] INFO  c.o.server.controller.NodeController - [Heartbeat] updateDiskInfo成功 节点=1
2026-08-28 17:22:14 [http-nio-9091-exec-1] INFO  c.o.server.controller.NodeController - [Heartbeat] 节点=3 diskInfoJson=[{"mountPoint":"/","totalGB":1007,"usedGB":10,"fre
2026-08-28 17:22:14 [http-nio-9091-exec-1] INFO  c.o.server.controller.NodeController - [Heartbeat] updateDiskInfo成功 节点=3
2026-08-28 17:22:14 [http-nio-9091-exec-1] DEBUG c.o.server.controller.NodeController - 监控快照 节点=3 项目=1 进程=RUNNING 健康=UP PID=65 主机CPU=16.7% 进程CPU=5.4% 主机内存=34% 进程内存=575MB 堆=299/441MB 磁盘=1% 详情=Agent主动上报
2026-08-28 17:22:24 [pool-8-thread-1] INFO  c.o.s.m.s.MonitorCollectorScheduler - 监控采集已启动 taskId=2d69bfa32b2e4622
2026-08-28 17:22:53 [http-nio-9091-exec-10] INFO  c.o.server.controller.NodeController - [Heartbeat] 节点=2 diskInfoJson=[{"mountPoint":"/","totalGB":1007,"usedGB":10,"fre
2026-08-28 17:22:53 [http-nio-9091-exec-10] INFO  c.o.server.controller.NodeController - [Heartbeat] updateDiskInfo成功 节点=2
2026-08-28 17:22:54 [http-nio-9091-exec-9] INFO  c.o.server.controller.NodeController - [Heartbeat] 节点=1 diskInfoJson=[{"mountPoint":"/","totalGB":1007,"usedGB":10,"fre
2026-08-28 17:22:54 [http-nio-9091-exec-9] INFO  c.o.server.controller.NodeController - [Heartbeat] updateDiskInfo成功 节点=1
2026-08-28 17:23:14 [http-nio-9091-exec-5] INFO  c.o.server.controller.NodeController - [Heartbeat] 节点=3 diskInfoJson=[{"mountPoint":"/","totalGB":1007,"usedGB":10,"fre
2026-08-28 17:23:14 [http-nio-9091-exec-5] INFO  c.o.server.controller.NodeController - [Heartbeat] updateDiskInfo成功 节点=3
2026-08-28 17:23:14 [http-nio-9091-exec-5] DEBUG c.o.server.controller.NodeController - 监控快照 节点=3 项目=1 进程=RUNNING 健康=UP PID=65 主机CPU=16.7% 进程CPU=5.7% 主机内存=35% 进程内存=589MB 堆=269/450MB 磁盘=1% 详情=Agent主动上报
2026-08-28 17:23:24 [pool-8-thread-1] INFO  c.o.s.m.s.MonitorCollectorScheduler - 监控采集已启动 taskId=bfc06193fc8b4aa2
2026-08-28 17:23:53 [http-nio-9091-exec-8] INFO  c.o.server.controller.NodeController - [Heartbeat] 节点=2 diskInfoJson=[{"mountPoint":"/","totalGB":1007,"usedGB":10,"fre
2026-08-28 17:23:53 [http-nio-9091-exec-8] INFO  c.o.server.controller.NodeController - [Heartbeat] updateDiskInfo成功 节点=2
2026-08-28 17:23:54 [http-nio-9091-exec-2] INFO  c.o.server.controller.NodeController - [Heartbeat] 节点=1 diskInfoJson=[{"mountPoint":"/","totalGB":1007,"usedGB":10,"fre
2026-08-28 17:23:54 [http-nio-9091-exec-2] INFO  c.o.server.controller.NodeController - [Heartbeat] updateDiskInfo成功 节点=1
2026-08-28 17:24:14 [http-nio-9091-exec-1] INFO  c.o.server.controller.NodeController - [Heartbeat] 节点=3 diskInfoJson=[{"mountPoint":"/","totalGB":1007,"usedGB":10,"fre
2026-08-28 17:24:14 [http-nio-9091-exec-1] INFO  c.o.server.controller.NodeController - [Heartbeat] updateDiskInfo成功 节点=3
2026-08-28 17:24:14 [http-nio-9091-exec-1] DEBUG c.o.server.controller.NodeController - 监控快照 节点=3 项目=1 进程=RUNNING 健康=UP PID=65 主机CPU=16.2% 进程CPU=6.0% 主机内存=35% 进程内存=592MB 堆=225/473MB 磁盘=1% 详情=Agent主动上报
2026-08-28 17:24:24 [pool-8-thread-1] INFO  c.o.s.m.s.MonitorCollectorScheduler - 监控采集已启动 taskId=58f1e68981424264
2026-08-28 17:24:53 [http-nio-9091-exec-9] INFO  c.o.server.controller.NodeController - [Heartbeat] 节点=2 diskInfoJson=[{"mountPoint":"/","totalGB":1007,"usedGB":10,"fre
2026-08-28 17:24:53 [http-nio-9091-exec-9] INFO  c.o.server.controller.NodeController - [Heartbeat] updateDiskInfo成功 节点=2
2026-08-28 17:24:54 [http-nio-9091-exec-10] INFO  c.o.server.controller.NodeController - [Heartbeat] 节点=1 diskInfoJson=[{"mountPoint":"/","totalGB":1007,"usedGB":10,"fre
2026-08-28 17:24:54 [http-nio-9091-exec-10] INFO  c.o.server.controller.NodeController - [Heartbeat] updateDiskInfo成功 节点=1
2026-08-28 17:25:14 [http-nio-9091-exec-2] INFO  c.o.server.controller.NodeController - [Heartbeat] 节点=3 diskInfoJson=[{"mountPoint":"/","totalGB":1007,"usedGB":10,"fre
2026-08-28 17:25:14 [http-nio-9091-exec-2] INFO  c.o.server.controller.NodeController - [Heartbeat] updateDiskInfo成功 节点=3
2026-08-28 17:25:14 [http-nio-9091-exec-2] DEBUG c.o.server.controller.NodeController - 监控快照 节点=3 项目=1 进程=RUNNING 健康=UP PID=65 主机CPU=16.5% 进程CPU=6.2% 主机内存=34% 进程内存=628MB 堆=101/481MB 磁盘=1% 详情=Agent主动上报
2026-08-28 17:25:24 [pool-8-thread-1] INFO  c.o.s.m.s.MonitorCollectorScheduler - 监控采集已启动 taskId=da22137723854e00
2026-08-28 17:25:53 [http-nio-9091-exec-6] INFO  c.o.server.controller.NodeController - [Heartbeat] 节点=2 diskInfoJson=[{"mountPoint":"/","totalGB":1007,"usedGB":10,"fre
2026-08-28 17:25:53 [http-nio-9091-exec-6] INFO  c.o.server.controller.NodeController - [Heartbeat] updateDiskInfo成功 节点=2
2026-08-28 17:25:54 [http-nio-9091-exec-3] INFO  c.o.server.controller.NodeController - [Heartbeat] 节点=1 diskInfoJson=[{"mountPoint":"/","totalGB":1007,"usedGB":10,"fre
2026-08-28 17:25:54 [http-nio-9091-exec-3] INFO  c.o.server.controller.NodeController - [Heartbeat] updateDiskInfo成功 节点=1
2026-08-28 17:26:14 [http-nio-9091-exec-4] INFO  c.o.server.controller.NodeController - [Heartbeat] 节点=3 diskInfoJson=[{"mountPoint":"/","totalGB":1007,"usedGB":10,"fre
2026-08-28 17:26:14 [http-nio-9091-exec-4] INFO  c.o.server.controller.NodeController - [Heartbeat] updateDiskInfo成功 节点=3
2026-08-28 17:26:14 [http-nio-9091-exec-4] DEBUG c.o.server.controller.NodeController - 监控快照 节点=3 项目=1 进程=RUNNING 健康=UP PID=65 主机CPU=16.2% 进程CPU=6.4% 主机内存=34% 进程内存=628MB 堆=328/481MB 磁盘=1% 详情=Agent主动上报
2026-08-28 17:26:24 [pool-8-thread-1] INFO  c.o.s.m.s.MonitorCollectorScheduler - 监控采集已启动 taskId=1279eb4494a24968
2026-08-28 17:26:53 [http-nio-9091-exec-5] INFO  c.o.server.controller.NodeController - [Heartbeat] 节点=2 diskInfoJson=[{"mountPoint":"/","totalGB":1007,"usedGB":10,"fre
2026-08-28 17:26:53 [http-nio-9091-exec-5] INFO  c.o.server.controller.NodeController - [Heartbeat] updateDiskInfo成功 节点=2
2026-08-28 17:26:54 [http-nio-9091-exec-7] INFO  c.o.server.controller.NodeController - [Heartbeat] 节点=1 diskInfoJson=[{"mountPoint":"/","totalGB":1007,"usedGB":10,"fre
2026-08-28 17:26:54 [http-nio-9091-exec-7] INFO  c.o.server.controller.NodeController - [Heartbeat] updateDiskInfo成功 节点=1
2026-08-28 17:27:14 [http-nio-9091-exec-3] INFO  c.o.server.controller.NodeController - [Heartbeat] 节点=3 diskInfoJson=[{"mountPoint":"/","totalGB":1007,"usedGB":10,"fre
2026-08-28 17:27:14 [http-nio-9091-exec-3] INFO  c.o.server.controller.NodeController - [Heartbeat] updateDiskInfo成功 节点=3
2026-08-28 17:27:14 [http-nio-9091-exec-3] DEBUG c.o.server.controller.NodeController - 监控快照 节点=3 项目=1 进程=RUNNING 健康=UP PID=65 主机CPU=16.5% 进程CPU=6.6% 主机内存=34% 进程内存=631MB 堆=241/496MB 磁盘=1% 详情=Agent主动上报
2026-08-28 17:27:24 [pool-8-thread-1] INFO  c.o.s.m.s.MonitorCollectorScheduler - 监控采集已启动 taskId=15407e2e67c0444d
2026-08-28 17:27:53 [http-nio-9091-exec-1] INFO  c.o.server.controller.NodeController - [Heartbeat] 节点=2 diskInfoJson=[{"mountPoint":"/","totalGB":1007,"usedGB":10,"fre
2026-08-28 17:27:53 [http-nio-9091-exec-1] INFO  c.o.server.controller.NodeController - [Heartbeat] updateDiskInfo成功 节点=2
2026-08-28 17:27:54 [http-nio-9091-exec-10] INFO  c.o.server.controller.NodeController - [Heartbeat] 节点=1 diskInfoJson=[{"mountPoint":"/","totalGB":1007,"usedGB":10,"fre
2026-08-28 17:27:54 [http-nio-9091-exec-10] INFO  c.o.server.controller.NodeController - [Heartbeat] updateDiskInfo成功 节点=1
2026-08-28 17:28:14 [http-nio-9091-exec-7] INFO  c.o.server.controller.NodeController - [Heartbeat] 节点=3 diskInfoJson=[{"mountPoint":"/","totalGB":1007,"usedGB":10,"fre
2026-08-28 17:28:14 [http-nio-9091-exec-7] INFO  c.o.server.controller.NodeController - [Heartbeat] updateDiskInfo成功 节点=3
2026-08-28 17:28:14 [http-nio-9091-exec-7] DEBUG c.o.server.controller.NodeController - 监控快照 节点=3 项目=1 进程=RUNNING 健康=UP PID=65 主机CPU=16.6% 进程CPU=6.8% 主机内存=34% 进程内存=653MB 堆=96/502MB 磁盘=1% 详情=Agent主动上报
2026-08-28 17:28:24 [pool-8-thread-1] INFO  c.o.s.m.s.MonitorCollectorScheduler - 监控采集已启动 taskId=328a435f42d3469f
2026-08-28 17:28:53 [http-nio-9091-exec-8] INFO  c.o.server.controller.NodeController - [Heartbeat] 节点=2 diskInfoJson=[{"mountPoint":"/","totalGB":1007,"usedGB":10,"fre
2026-08-28 17:28:53 [http-nio-9091-exec-8] INFO  c.o.server.controller.NodeController - [Heartbeat] updateDiskInfo成功 节点=2
2026-08-28 17:28:54 [http-nio-9091-exec-2] INFO  c.o.server.controller.NodeController - [Heartbeat] 节点=1 diskInfoJson=[{"mountPoint":"/","totalGB":1007,"usedGB":10,"fre
2026-08-28 17:28:54 [http-nio-9091-exec-2] INFO  c.o.server.controller.NodeController - [Heartbeat] updateDiskInfo成功 节点=1
2026-08-28 17:29:14 [http-nio-9091-exec-6] INFO  c.o.server.controller.NodeController - [Heartbeat] 节点=3 diskInfoJson=[{"mountPoint":"/","totalGB":1007,"usedGB":10,"fre
2026-08-28 17:29:14 [http-nio-9091-exec-6] INFO  c.o.server.controller.NodeController - [Heartbeat] updateDiskInfo成功 节点=3
2026-08-28 17:29:14 [http-nio-9091-exec-6] DEBUG c.o.server.controller.NodeController - 监控快照 节点=3 项目=1 进程=RUNNING 健康=UP PID=65 主机CPU=16.3% 进程CPU=7.0% 主机内存=35% 进程内存=653MB 堆=315/502MB 磁盘=1% 详情=Agent主动上报
2026-08-28 17:29:24 [pool-8-thread-1] INFO  c.o.s.m.s.MonitorCollectorScheduler - 监控采集已启动 taskId=6975573147c14e64
2026-08-28 17:29:53 [http-nio-9091-exec-4] INFO  c.o.server.controller.NodeController - [Heartbeat] 节点=2 diskInfoJson=[{"mountPoint":"/","totalGB":1007,"usedGB":10,"fre
2026-08-28 17:29:53 [http-nio-9091-exec-4] INFO  c.o.server.controller.NodeController - [Heartbeat] updateDiskInfo成功 节点=2
2026-08-28 17:29:54 [http-nio-9091-exec-9] INFO  c.o.server.controller.NodeController - [Heartbeat] 节点=1 diskInfoJson=[{"mountPoint":"/","totalGB":1007,"usedGB":10,"fre
2026-08-28 17:29:54 [http-nio-9091-exec-9] INFO  c.o.server.controller.NodeController - [Heartbeat] updateDiskInfo成功 节点=1
2026-08-28 17:30:14 [http-nio-9091-exec-2] INFO  c.o.server.controller.NodeController - [Heartbeat] 节点=3 diskInfoJson=[{"mountPoint":"/","totalGB":1007,"usedGB":10,"fre
2026-08-28 17:30:14 [http-nio-9091-exec-2] INFO  c.o.server.controller.NodeController - [Heartbeat] updateDiskInfo成功 节点=3
2026-08-28 17:30:14 [http-nio-9091-exec-2] DEBUG c.o.server.controller.NodeController - 监控快照 节点=3 项目=1 进程=RUNNING 健康=UP PID=65 主机CPU=16.4% 进程CPU=7.2% 主机内存=36% 进程内存=655MB 堆=228/511MB 磁盘=1% 详情=Agent主动上报
2026-08-28 17:30:24 [pool-8-thread-1] INFO  c.o.s.m.s.MonitorCollectorScheduler - 监控采集已启动 taskId=2bb9a6a7961a436f
2026-08-28 17:30:53 [http-nio-9091-exec-10] INFO  c.o.server.controller.NodeController - [Heartbeat] 节点=2 diskInfoJson=[{"mountPoint":"/","totalGB":1007,"usedGB":10,"fre
2026-08-28 17:30:53 [http-nio-9091-exec-10] INFO  c.o.server.controller.NodeController - [Heartbeat] updateDiskInfo成功 节点=2
2026-08-28 17:30:54 [http-nio-9091-exec-3] INFO  c.o.server.controller.NodeController - [Heartbeat] 节点=1 diskInfoJson=[{"mountPoint":"/","totalGB":1007,"usedGB":10,"fre
2026-08-28 17:30:54 [http-nio-9091-exec-3] INFO  c.o.server.controller.NodeController - [Heartbeat] updateDiskInfo成功 节点=1
2026-08-28 17:31:14 [http-nio-9091-exec-1] INFO  c.o.server.controller.NodeController - [Heartbeat] 节点=3 diskInfoJson=[{"mountPoint":"/","totalGB":1007,"usedGB":10,"fre
2026-08-28 17:31:14 [http-nio-9091-exec-1] INFO  c.o.server.controller.NodeController - [Heartbeat] updateDiskInfo成功 节点=3
2026-08-28 17:31:14 [http-nio-9091-exec-1] DEBUG c.o.server.controller.NodeController - 监控快照 节点=3 项目=1 进程=RUNNING 健康=UP PID=65 主机CPU=16.3% 进程CPU=7.3% 主机内存=35% 进程内存=669MB 堆=83/515MB 磁盘=1% 详情=Agent主动上报
2026-08-28 17:31:24 [pool-8-thread-1] INFO  c.o.s.m.s.MonitorCollectorScheduler - 监控采集已启动 taskId=1bc66c414590494f
2026-08-28 17:31:53 [http-nio-9091-exec-5] INFO  c.o.server.controller.NodeController - [Heartbeat] 节点=2 diskInfoJson=[{"mountPoint":"/","totalGB":1007,"usedGB":10,"fre
2026-08-28 17:31:53 [http-nio-9091-exec-5] INFO  c.o.server.controller.NodeController - [Heartbeat] updateDiskInfo成功 节点=2
2026-08-28 17:31:54 [http-nio-9091-exec-7] INFO  c.o.server.controller.NodeController - [Heartbeat] 节点=1 diskInfoJson=[{"mountPoint":"/","totalGB":1007,"usedGB":10,"fre
2026-08-28 17:31:54 [http-nio-9091-exec-7] INFO  c.o.server.controller.NodeController - [Heartbeat] updateDiskInfo成功 节点=1
2026-08-28 17:32:14 [http-nio-9091-exec-8] INFO  c.o.server.controller.NodeController - [Heartbeat] 节点=3 diskInfoJson=[{"mountPoint":"/","totalGB":1007,"usedGB":10,"fre
2026-08-28 17:32:14 [http-nio-9091-exec-8] INFO  c.o.server.controller.NodeController - [Heartbeat] updateDiskInfo成功 节点=3
2026-08-28 17:32:14 [http-nio-9091-exec-8] DEBUG c.o.server.controller.NodeController - 监控快照 节点=3 项目=1 进程=RUNNING 健康=UP PID=65 主机CPU=16.2% 进程CPU=7.4% 主机内存=36% 进程内存=669MB 堆=290/515MB 磁盘=1% 详情=Agent主动上报
2026-08-28 17:32:24 [pool-8-thread-1] INFO  c.o.s.m.s.MonitorCollectorScheduler - 监控采集已启动 taskId=0ce797cec34048b8
2026-08-28 17:32:53 [http-nio-9091-exec-9] INFO  c.o.server.controller.NodeController - [Heartbeat] 节点=2 diskInfoJson=[{"mountPoint":"/","totalGB":1007,"usedGB":10,"fre
2026-08-28 17:32:53 [http-nio-9091-exec-9] INFO  c.o.server.controller.NodeController - [Heartbeat] updateDiskInfo成功 节点=2
2026-08-28 17:32:54 [http-nio-9091-exec-6] INFO  c.o.server.controller.NodeController - [Heartbeat] 节点=1 diskInfoJson=[{"mountPoint":"/","totalGB":1007,"usedGB":10,"fre
2026-08-28 17:32:54 [http-nio-9091-exec-6] INFO  c.o.server.controller.NodeController - [Heartbeat] updateDiskInfo成功 节点=1
2026-08-28 17:33:14 [http-nio-9091-exec-4] INFO  c.o.server.controller.NodeController - [Heartbeat] 节点=3 diskInfoJson=[{"mountPoint":"/","totalGB":1007,"usedGB":10,"fre
2026-08-28 17:33:14 [http-nio-9091-exec-4] INFO  c.o.server.controller.NodeController - [Heartbeat] updateDiskInfo成功 节点=3
2026-08-28 17:33:14 [http-nio-9091-exec-4] DEBUG c.o.server.controller.NodeController - 监控快照 节点=3 项目=1 进程=RUNNING 健康=UP PID=65 主机CPU=16.2% 进程CPU=7.5% 主机内存=35% 进程内存=672MB 堆=166/517MB 磁盘=1% 详情=Agent主动上报
2026-08-28 17:33:24 [pool-8-thread-1] INFO  c.o.s.m.s.MonitorCollectorScheduler - 监控采集已启动 taskId=e3bd1b8260d9458c
2026-08-28 17:33:53 [http-nio-9091-exec-3] INFO  c.o.server.controller.NodeController - [Heartbeat] 节点=2 diskInfoJson=[{"mountPoint":"/","totalGB":1007,"usedGB":10,"fre
2026-08-28 17:33:53 [http-nio-9091-exec-3] INFO  c.o.server.controller.NodeController - [Heartbeat] updateDiskInfo成功 节点=2
2026-08-28 17:33:54 [http-nio-9091-exec-2] INFO  c.o.server.controller.NodeController - [Heartbeat] 节点=1 diskInfoJson=[{"mountPoint":"/","totalGB":1007,"usedGB":10,"fre
2026-08-28 17:33:54 [http-nio-9091-exec-2] INFO  c.o.server.controller.NodeController - [Heartbeat] updateDiskInfo成功 节点=1
2026-08-28 17:34:14 [http-nio-9091-exec-6] INFO  c.o.server.controller.NodeController - [Heartbeat] 节点=3 diskInfoJson=[{"mountPoint":"/","totalGB":1007,"usedGB":10,"fre
2026-08-28 17:34:14 [http-nio-9091-exec-6] INFO  c.o.server.controller.NodeController - [Heartbeat] updateDiskInfo成功 节点=3
2026-08-28 17:34:14 [http-nio-9091-exec-6] DEBUG c.o.server.controller.NodeController - 监控快照 节点=3 项目=1 进程=RUNNING 健康=UP PID=65 主机CPU=16.1% 进程CPU=7.7% 主机内存=35% 进程内存=672MB 堆=338/517MB 磁盘=1% 详情=Agent主动上报
2026-08-28 17:34:24 [pool-8-thread-1] INFO  c.o.s.m.s.MonitorCollectorScheduler - 监控采集已启动 taskId=c1dc8c1a9c9745b5
2026-08-28 17:34:53 [http-nio-9091-exec-7] INFO  c.o.server.controller.NodeController - [Heartbeat] 节点=2 diskInfoJson=[{"mountPoint":"/","totalGB":1007,"usedGB":10,"fre
2026-08-28 17:34:53 [http-nio-9091-exec-7] INFO  c.o.server.controller.NodeController - [Heartbeat] updateDiskInfo成功 节点=2
2026-08-28 17:34:54 [http-nio-9091-exec-1] INFO  c.o.server.controller.NodeController - [Heartbeat] 节点=1 diskInfoJson=[{"mountPoint":"/","totalGB":1007,"usedGB":10,"fre
2026-08-28 17:34:54 [http-nio-9091-exec-1] INFO  c.o.server.controller.NodeController - [Heartbeat] updateDiskInfo成功 节点=1
2026-08-28 17:35:14 [http-nio-9091-exec-2] INFO  c.o.server.controller.NodeController - [Heartbeat] 节点=3 diskInfoJson=[{"mountPoint":"/","totalGB":1007,"usedGB":10,"fre
2026-08-28 17:35:14 [http-nio-9091-exec-2] INFO  c.o.server.controller.NodeController - [Heartbeat] updateDiskInfo成功 节点=3
2026-08-28 17:35:14 [http-nio-9091-exec-2] DEBUG c.o.server.controller.NodeController - 监控快照 节点=3 项目=1 进程=RUNNING 健康=UP PID=65 主机CPU=16.3% 进程CPU=7.8% 主机内存=35% 进程内存=677MB 堆=156/519MB 磁盘=1% 详情=Agent主动上报
2026-08-28 17:35:24 [pool-8-thread-1] INFO  c.o.s.m.s.MonitorCollectorScheduler - 监控采集已启动 taskId=a9878c2327364596
2026-08-28 17:35:53 [http-nio-9091-exec-10] INFO  c.o.server.controller.NodeController - [Heartbeat] 节点=2 diskInfoJson=[{"mountPoint":"/","totalGB":1007,"usedGB":10,"fre
2026-08-28 17:35:53 [http-nio-9091-exec-10] INFO  c.o.server.controller.NodeController - [Heartbeat] updateDiskInfo成功 节点=2
2026-08-28 17:35:54 [http-nio-9091-exec-8] INFO  c.o.server.controller.NodeController - [Heartbeat] 节点=1 diskInfoJson=[{"mountPoint":"/","totalGB":1007,"usedGB":10,"fre
2026-08-28 17:35:54 [http-nio-9091-exec-8] INFO  c.o.server.controller.NodeController - [Heartbeat] updateDiskInfo成功 节点=1
2026-08-28 17:36:14 [http-nio-9091-exec-9] INFO  c.o.server.controller.NodeController - [Heartbeat] 节点=3 diskInfoJson=[{"mountPoint":"/","totalGB":1007,"usedGB":10,"fre
2026-08-28 17:36:14 [http-nio-9091-exec-9] INFO  c.o.server.controller.NodeController - [Heartbeat] updateDiskInfo成功 节点=3
2026-08-28 17:36:14 [http-nio-9091-exec-9] DEBUG c.o.server.controller.NodeController - 监控快照 节点=3 项目=1 进程=RUNNING 健康=UP PID=65 主机CPU=16.4% 进程CPU=7.9% 主机内存=36% 进程内存=677MB 堆=329/519MB 磁盘=1% 详情=Agent主动上报
2026-08-28 17:36:24 [pool-8-thread-1] INFO  c.o.s.m.s.MonitorCollectorScheduler - 监控采集已启动 taskId=fb8212c7bfa047cf
2026-08-28 17:36:53 [http-nio-9091-exec-4] INFO  c.o.server.controller.NodeController - [Heartbeat] 节点=2 diskInfoJson=[{"mountPoint":"/","totalGB":1007,"usedGB":10,"fre
2026-08-28 17:36:53 [http-nio-9091-exec-4] INFO  c.o.server.controller.NodeController - [Heartbeat] updateDiskInfo成功 节点=2
2026-08-28 17:36:54 [http-nio-9091-exec-5] INFO  c.o.server.controller.NodeController - [Heartbeat] 节点=1 diskInfoJson=[{"mountPoint":"/","totalGB":1007,"usedGB":10,"fre
2026-08-28 17:36:54 [http-nio-9091-exec-5] INFO  c.o.server.controller.NodeController - [Heartbeat] updateDiskInfo成功 节点=1
2026-08-28 17:37:14 [http-nio-9091-exec-8] INFO  c.o.server.controller.NodeController - [Heartbeat] 节点=3 diskInfoJson=[{"mountPoint":"/","totalGB":1007,"usedGB":10,"fre
2026-08-28 17:37:14 [http-nio-9091-exec-8] INFO  c.o.server.controller.NodeController - [Heartbeat] updateDiskInfo成功 节点=3
2026-08-28 17:37:14 [http-nio-9091-exec-8] DEBUG c.o.server.controller.NodeController - 监控快照 节点=3 项目=1 进程=RUNNING 健康=UP PID=65 主机CPU=16.4% 进程CPU=8.0% 主机内存=35% 进程内存=679MB 堆=165/520MB 磁盘=1% 详情=Agent主动上报
2026-08-28 17:37:24 [pool-8-thread-1] INFO  c.o.s.m.s.MonitorCollectorScheduler - 监控采集已启动 taskId=ab92ac1b3d094a0b
2026-08-28 17:37:53 [http-nio-9091-exec-6] INFO  c.o.server.controller.NodeController - [Heartbeat] 节点=2 diskInfoJson=[{"mountPoint":"/","totalGB":1007,"usedGB":10,"fre
2026-08-28 17:37:53 [http-nio-9091-exec-6] INFO  c.o.server.controller.NodeController - [Heartbeat] updateDiskInfo成功 节点=2
2026-08-28 17:37:54 [http-nio-9091-exec-1] INFO  c.o.server.controller.NodeController - [Heartbeat] 节点=1 diskInfoJson=[{"mountPoint":"/","totalGB":1007,"usedGB":10,"fre
2026-08-28 17:37:54 [http-nio-9091-exec-1] INFO  c.o.server.controller.NodeController - [Heartbeat] updateDiskInfo成功 节点=1
2026-08-28 17:38:14 [http-nio-9091-exec-7] INFO  c.o.server.controller.NodeController - [Heartbeat] 节点=3 diskInfoJson=[{"mountPoint":"/","totalGB":1007,"usedGB":10,"fre
2026-08-28 17:38:14 [http-nio-9091-exec-7] INFO  c.o.server.controller.NodeController - [Heartbeat] updateDiskInfo成功 节点=3
2026-08-28 17:38:14 [http-nio-9091-exec-7] DEBUG c.o.server.controller.NodeController - 监控快照 节点=3 项目=1 进程=RUNNING 健康=UP PID=65 主机CPU=16.6% 进程CPU=8.1% 主机内存=35% 进程内存=679MB 堆=347/520MB 磁盘=1% 详情=Agent主动上报
2026-08-28 17:38:24 [pool-8-thread-1] INFO  c.o.s.m.s.MonitorCollectorScheduler - 监控采集已启动 taskId=f779dc89bbf04e36
2026-08-28 17:38:45 [http-nio-9091-exec-8] INFO  c.o.s.arthas.ArthasDiagnoseService - Arthas 诊断会话启动成功: sessionId=e4db1d8d8d2a41da, projectId=1, nodeId=3, pid=65
2026-08-28 17:38:53 [http-nio-9091-exec-7] INFO  c.o.server.controller.NodeController - [Heartbeat] 节点=2 diskInfoJson=[{"mountPoint":"/","totalGB":1007,"usedGB":10,"fre
2026-08-28 17:38:53 [http-nio-9091-exec-7] INFO  c.o.server.controller.NodeController - [Heartbeat] updateDiskInfo成功 节点=2
2026-08-28 17:38:54 [http-nio-9091-exec-5] INFO  c.o.server.controller.NodeController - [Heartbeat] 节点=1 diskInfoJson=[{"mountPoint":"/","totalGB":1007,"usedGB":10,"fre
2026-08-28 17:38:54 [http-nio-9091-exec-5] INFO  c.o.server.controller.NodeController - [Heartbeat] updateDiskInfo成功 节点=1
2026-08-28 17:39:14 [http-nio-9091-exec-2] INFO  c.o.server.controller.NodeController - [Heartbeat] 节点=3 diskInfoJson=[{"mountPoint":"/","totalGB":1007,"usedGB":10,"fre
2026-08-28 17:39:14 [http-nio-9091-exec-2] INFO  c.o.server.controller.NodeController - [Heartbeat] updateDiskInfo成功 节点=3
2026-08-28 17:39:14 [http-nio-9091-exec-2] DEBUG c.o.server.controller.NodeController - 监控快照 节点=3 项目=1 进程=RUNNING 健康=UP PID=65 主机CPU=16.5% 进程CPU=8.2% 主机内存=36% 进程内存=683MB 堆=174/522MB 磁盘=1% 详情=Agent主动上报
2026-08-28 17:39:24 [pool-8-thread-1] INFO  c.o.s.m.s.MonitorCollectorScheduler - 监控采集已启动 taskId=055602be7a1145f8
2026-08-28 17:39:53 [http-nio-9091-exec-10] INFO  c.o.server.controller.NodeController - [Heartbeat] 节点=2 diskInfoJson=[{"mountPoint":"/","totalGB":1007,"usedGB":10,"fre
2026-08-28 17:39:53 [http-nio-9091-exec-10] INFO  c.o.server.controller.NodeController - [Heartbeat] updateDiskInfo成功 节点=2
2026-08-28 17:39:54 [http-nio-9091-exec-1] INFO  c.o.server.controller.NodeController - [Heartbeat] 节点=1 diskInfoJson=[{"mountPoint":"/","totalGB":1007,"usedGB":10,"fre
2026-08-28 17:39:54 [http-nio-9091-exec-1] INFO  c.o.server.controller.NodeController - [Heartbeat] updateDiskInfo成功 节点=1
2026-08-28 17:40:14 [http-nio-9091-exec-9] INFO  c.o.server.controller.NodeController - [Heartbeat] 节点=3 diskInfoJson=[{"mountPoint":"/","totalGB":1007,"usedGB":10,"fre
2026-08-28 17:40:14 [http-nio-9091-exec-9] INFO  c.o.server.controller.NodeController - [Heartbeat] updateDiskInfo成功 节点=3
2026-08-28 17:40:14 [http-nio-9091-exec-9] DEBUG c.o.server.controller.NodeController - 监控快照 节点=3 项目=1 进程=RUNNING 健康=UP PID=65 主机CPU=16.5% 进程CPU=8.3% 主机内存=36% 进程内存=683MB 堆=351/522MB 磁盘=1% 详情=Agent主动上报
2026-08-28 17:40:24 [pool-8-thread-1] INFO  c.o.s.m.s.MonitorCollectorScheduler - 监控采集已启动 taskId=6c235780364d4f24
2026-08-28 17:40:53 [http-nio-9091-exec-3] INFO  c.o.server.controller.NodeController - [Heartbeat] 节点=2 diskInfoJson=[{"mountPoint":"/","totalGB":1007,"usedGB":10,"fre
2026-08-28 17:40:53 [http-nio-9091-exec-3] INFO  c.o.server.controller.NodeController - [Heartbeat] updateDiskInfo成功 节点=2
2026-08-28 17:40:54 [http-nio-9091-exec-4] INFO  c.o.server.controller.NodeController - [Heartbeat] 节点=1 diskInfoJson=[{"mountPoint":"/","totalGB":1007,"usedGB":10,"fre
2026-08-28 17:40:54 [http-nio-9091-exec-4] INFO  c.o.server.controller.NodeController - [Heartbeat] updateDiskInfo成功 节点=1
2026-08-28 17:41:14 [http-nio-9091-exec-1] INFO  c.o.server.controller.NodeController - [Heartbeat] 节点=3 diskInfoJson=[{"mountPoint":"/","totalGB":1007,"usedGB":10,"fre
2026-08-28 17:41:14 [http-nio-9091-exec-1] INFO  c.o.server.controller.NodeController - [Heartbeat] updateDiskInfo成功 节点=3
2026-08-28 17:41:14 [http-nio-9091-exec-1] DEBUG c.o.server.controller.NodeController - 监控快照 节点=3 项目=1 进程=RUNNING 健康=UP PID=65 主机CPU=16.3% 进程CPU=8.4% 主机内存=35% 进程内存=685MB 堆=174/521MB 磁盘=1% 详情=Agent主动上报
2026-08-28 17:41:24 [pool-8-thread-1] INFO  c.o.s.m.s.MonitorCollectorScheduler - 监控采集已启动 taskId=b55754936893440b
2026-08-28 17:41:53 [http-nio-9091-exec-5] INFO  c.o.server.controller.NodeController - [Heartbeat] 节点=2 diskInfoJson=[{"mountPoint":"/","totalGB":1007,"usedGB":10,"fre
2026-08-28 17:41:53 [http-nio-9091-exec-5] INFO  c.o.server.controller.NodeController - [Heartbeat] updateDiskInfo成功 节点=2
2026-08-28 17:41:54 [http-nio-9091-exec-6] INFO  c.o.server.controller.NodeController - [Heartbeat] 节点=1 diskInfoJson=[{"mountPoint":"/","totalGB":1007,"usedGB":10,"fre
2026-08-28 17:41:54 [http-nio-9091-exec-6] INFO  c.o.server.controller.NodeController - [Heartbeat] updateDiskInfo成功 节点=1
2026-08-28 17:42:14 [http-nio-9091-exec-4] INFO  c.o.server.controller.NodeController - [Heartbeat] 节点=3 diskInfoJson=[{"mountPoint":"/","totalGB":1007,"usedGB":10,"fre
2026-08-28 17:42:14 [http-nio-9091-exec-4] INFO  c.o.server.controller.NodeController - [Heartbeat] updateDiskInfo成功 节点=3
2026-08-28 17:42:14 [http-nio-9091-exec-4] DEBUG c.o.server.controller.NodeController - 监控快照 节点=3 项目=1 进程=RUNNING 健康=UP PID=65 主机CPU=16.6% 进程CPU=8.4% 主机内存=36% 进程内存=685MB 堆=340/521MB 磁盘=1% 详情=Agent主动上报
2026-08-28 17:42:24 [pool-8-thread-1] INFO  c.o.s.m.s.MonitorCollectorScheduler - 监控采集已启动 taskId=b656799dd89b4f06
2026-08-28 17:42:53 [http-nio-9091-exec-2] INFO  c.o.server.controller.NodeController - [Heartbeat] 节点=2 diskInfoJson=[{"mountPoint":"/","totalGB":1007,"usedGB":10,"fre
2026-08-28 17:42:53 [http-nio-9091-exec-2] INFO  c.o.server.controller.NodeController - [Heartbeat] updateDiskInfo成功 节点=2
2026-08-28 17:42:54 [http-nio-9091-exec-8] INFO  c.o.server.controller.NodeController - [Heartbeat] 节点=1 diskInfoJson=[{"mountPoint":"/","totalGB":1007,"usedGB":10,"fre
2026-08-28 17:42:54 [http-nio-9091-exec-8] INFO  c.o.server.controller.NodeController - [Heartbeat] updateDiskInfo成功 节点=1
2026-08-28 17:43:14 [http-nio-9091-exec-6] INFO  c.o.server.controller.NodeController - [Heartbeat] 节点=3 diskInfoJson=[{"mountPoint":"/","totalGB":1007,"usedGB":10,"fre
2026-08-28 17:43:14 [http-nio-9091-exec-6] INFO  c.o.server.controller.NodeController - [Heartbeat] updateDiskInfo成功 节点=3
2026-08-28 17:43:14 [http-nio-9091-exec-6] DEBUG c.o.server.controller.NodeController - 监控快照 节点=3 项目=1 进程=RUNNING 健康=UP PID=65 主机CPU=16.2% 进程CPU=8.5% 主机内存=35% 进程内存=688MB 堆=125/522MB 磁盘=1% 详情=Agent主动上报
2026-08-28 17:43:24 [pool-8-thread-1] INFO  c.o.s.m.s.MonitorCollectorScheduler - 监控采集已启动 taskId=074f390c0ac547aa
